playerFirstName,playerLastName,playerId,age,seasonId,shoots,playerPositionCode,playerTeamsPlayedFor,gamesPlayed,goals,assists,shots,plusMinus,penaltyMinutes,timeOnIcePerGame,shiftsPerGame,
Sam,Carrick,8475842,24.2328767123,20152016,R,C,TOR,3,0,0,4,-2,4,688.0,18.6666,
Kerby,Rychel,8477510,21.5589041096,20152016,L,L,CBJ,32,2,7,32,5,15,570.8437,13.9687,
Iiro,Pakarinen,8476336,24.6794520548,20152016,R,R,EDM,63,5,8,76,-10,8,644.9047,16.7142,
Josh,Leivo,8476410,22.9260273973,20152016,R,L,TOR,12,5,0,20,2,6,739.0,17.0,
Cedric,Paquette,8476975,22.7095890411,20152016,L,C,TBL,56,6,5,50,-2,51,764.3571,17.2321,
Dustin,Brown,8470606,31.4876712329,20152016,R,R,LAK,82,11,17,218,-5,30,970.4024,21.6341,
Tyson,Strachan,8470729,31.501369863,20152016,R,D,MIN,2,0,0,0,1,0,453.0,10.5,
John,McFarland,8475756,24.0739726027,20152016,R,L,FLA,3,0,0,2,-1,0,594.6666,16.3333,
Stefan,Noesen,8476474,23.2082191781,20152016,R,R,ANA,1,0,0,0,0,0,602.0,17.0,
Ben,Hutton,8477018,23.0246575342,20152016,L,D,VAN,75,1,24,104,-21,14,1192.4,26.24,
Alex,Chiasson,8475163,25.5780821918,20152016,R,R,OTT,77,8,6,88,2,45,818.2467,20.2467,
Mark,Arcobello,8476062,27.7150684932,20152016,R,R,TOR,20,3,1,43,0,0,760.65,19.85,
Peter,Holland,8475180,25.2904109589,20152016,L,C,TOR,65,9,18,138,-16,28,879.9538,20.6,
Yannick,Weber,8474134,27.6,20152016,R,D,VAN,45,0,7,65,-17,24,1129.8,25.2888,
Landon,Ferraro,8475157,24.7260273973,20152016,R,C,DET|BOS,68,5,5,77,-11,27,636.6764,15.4411,
Teddy,Purcell,8473962,30.6438356164,20152016,R,R,EDM|FLA,76,14,29,149,-11,12,1009.7894,22.3157,
Viktor,Svedberg,8477300,24.9342465753,20152016,L,D,CHI,27,2,2,40,-5,4,945.1851,22.7037,
Justin,Schultz,8474602,25.8164383562,20152016,R,D,EDM|PIT,63,4,14,82,-15,16,1106.6825,24.238,
Duncan,Keith,8470281,32.7945205479,20152016,L,D,CHI,67,9,34,130,13,26,1514.1194,30.791,
Travis,Hamonic,8474612,25.704109589,20152016,R,D,NYI,72,5,16,147,-5,35,1429.4166,25.1111,
Josh,Manson,8476312,24.5616438356,20152016,R,D,ANA,71,5,10,88,11,74,1126.9436,23.845,
Anton,Stralman,8471873,29.7479452055,20152016,R,D,TBL,73,9,25,127,16,20,1324.6575,25.0958,
Patrick,Brown,8477887,23.9178082192,20152016,R,C,CAR,7,1,1,8,4,4,756.2857,18.1428,
Mark,Scheifele,8476460,23.1232876712,20152016,R,C,WPG,71,29,32,194,16,48,1112.9295,23.1126,
Zack,Kassian,8475178,25.2630136986,20152016,R,R,EDM,36,3,5,42,-7,114,747.1111,16.6388,
Tomas,Jurco,8476430,23.3342465753,20152016,L,R,DET,44,4,2,43,-6,16,550.9772,13.3863,
Michael,Kostka,8474497,30.4219178082,20152016,R,D,OTT,15,0,1,9,6,4,890.8666,19.6,
Brad,Stuart,8467331,36.4876712329,20152016,L,D,COL,6,0,0,0,-2,0,840.0,21.1666,
Chris,Wagner,8475780,24.9260273973,20152016,R,C,ANA|COL|ANA,43,4,2,55,-2,28,549.3023,13.3953,
Jason,Zucker,8475722,24.2849315068,20152016,L,L,MIN,71,13,10,158,-4,20,934.7464,19.8591,
Hampus,Lindholm,8476854,22.2712328767,20152016,L,D,ANA,80,10,18,149,7,40,1320.1125,26.25,
Brad,Hunt,8476779,27.6821917808,20152016,L,D,EDM,7,0,0,12,-1,2,850.7142,18.5714,
Tyler,Randell,8475292,24.8739726027,20152016,R,R,BOS,27,6,0,18,-2,47,418.9629,10.1851,
Connor,McDavid,8478402,19.2876712329,20152016,L,C,EDM,45,16,32,105,-1,18,1133.0888,22.8888,
Troy,Brouwer,8471426,30.704109589,20152016,R,R,STL,82,18,21,142,2,62,1019.6829,25.6829,
Alexander,Semin,8470120,32.1616438356,20152016,R,R,MTL,15,1,3,18,1,12,740.1333,16.9333,
Brian,Boyle,8470619,31.3671232877,20152016,L,C,TBL,76,13,7,117,-7,57,774.6184,17.25,
Markus,Granlund,8476440,23.0356164384,20152016,L,C,CGY|VAN,47,6,4,56,-4,14,827.2553,19.9787,
Henrik,Sedin,8467876,35.597260274,20152016,L,C,VAN,74,11,44,99,0,24,1102.7297,23.2702,
Darnell,Nurse,8477498,21.2301369863,20152016,L,D,EDM,69,3,7,120,-13,60,1213.8405,25.6956,
Jakub,Kindl,8471693,29.2191780822,20152016,L,D,DET|FLA,44,2,6,63,13,18,923.3863,21.2954,
Jack,Johnson,8471677,29.295890411,20152016,L,D,CBJ,60,6,8,86,-16,25,1450.5166,28.05,
Stuart,Percy,8476478,22.9479452055,20152016,L,D,TOR,3,0,0,1,-2,0,789.6666,22.0,
Xavier,Ouellet,8476443,22.7506849315,20152016,L,D,DET,5,0,1,4,-2,2,974.6,22.4,
Joffrey,Lupul,8470207,32.6054794521,20152016,R,L,TOR,46,11,3,102,-10,12,877.2608,21.3043,
Laurent,Dauphin,8477460,21.0904109589,20152016,L,C,ARI,8,1,0,7,0,4,678.875,16.25,
Chris,Wideman,8475227,26.3095890411,20152016,R,D,OTT,64,6,7,87,4,34,837.0156,19.1406,
Emerson,Etem,8475770,23.8684931507,20152016,L,R,NYR|VAN,58,7,8,100,-12,11,789.0,17.8448,
James,Neal,8471707,28.6575342466,20152016,L,R,NSH,82,31,27,268,27,65,1144.2804,23.5487,
Francois,Beauchemin,8467400,35.9095890411,20152016,L,D,COL,82,8,26,127,-7,38,1504.7926,29.2439,
Travis,Zajac,8471233,30.9671232877,20152016,R,C,NJD,74,14,28,111,3,25,1191.1351,25.4459,
Marek,Hrivik,8475949,24.6712328767,20152016,R,R,NYR,5,0,1,3,3,0,643.0,16.6,
Ondrej,Palat,8476292,25.0904109589,20152016,L,L,TBL,62,16,24,117,10,20,1075.1451,21.5322,
Eric,Nystrom,8470180,33.2109589041,20152016,L,L,NSH,46,7,0,27,-6,20,689.0,17.0869,
Tom,Gilbert,8470104,33.3068493151,20152016,R,D,MTL,45,1,1,36,3,12,1011.8222,22.2444,
Mikael,Backlund,8474150,27.1205479452,20152016,L,C,CGY,82,21,26,155,10,28,985.7439,23.7439,
Rob,Scuderi,8467452,37.3397260274,20152016,L,D,PIT|CHI|LAK,63,0,10,35,7,10,948.6031,21.9365,
John,Mitchell,8470750,31.2712328767,20152016,L,C,COL,71,10,11,101,-7,52,914.7464,20.6901,
Brett,Lernout,8478004,20.5945205479,20152016,R,D,MTL,1,0,0,0,0,0,390.0,8.0,
Brian,Dumoulin,8475208,24.6465753425,20152016,L,D,PIT,79,0,16,101,11,14,1133.1392,26.886,
Brent,Burns,8470613,31.1452054795,20152016,R,D,SJS,82,27,48,353,-5,53,1551.8414,27.4634,
Mikko,Koivu,8469459,33.1397260274,20152016,L,C,MIN,82,17,39,141,6,40,1195.7439,24.0,
Sidney,Crosby,8471675,28.7315068493,20152016,L,C,PIT,80,36,49,248,19,42,1228.1625,26.425,
Eric,Gryba,8473468,28.0438356164,20152016,R,D,EDM,53,1,5,58,0,75,1072.9433,23.7547,
Daniel,Catenacci,8476401,23.1397260274,20152016,L,C,BUF,11,0,0,7,-2,0,524.3636,11.8181,
Darren,Dietz,8476379,22.7835616438,20152016,R,D,MTL,13,1,4,13,-1,13,872.2307,18.4615,
Bracken,Kearns,8471996,34.9726027397,20152016,L,C,NYI,2,0,1,0,1,4,953.5,20.5,
Kenny,Agostino,8475844,23.997260274,20152016,L,L,CGY,2,0,0,3,-2,0,813.0,19.5,
Scott,Kosmachuk,8476910,22.2602739726,20152016,R,R,WPG,8,0,3,9,1,2,692.0,16.0,
Jason,Demers,8474218,27.8904109589,20152016,R,D,DAL,62,7,16,94,16,72,1252.0806,28.0806,
Colin,McDonald,8470644,31.5835616438,20152016,R,R,PHI,5,1,0,4,0,7,488.6,12.0,
Tyler,Toffoli,8475726,24.0136986301,20152016,R,C,LAK,82,31,27,213,35,20,1038.7682,22.6951,
Corban,Knight,8475260,25.6356164384,20152016,R,C,FLA,20,2,5,11,3,4,577.9,13.2,
David,Rundblad,8475182,25.5589041096,20152016,R,D,CHI,9,0,2,13,-2,6,862.3333,19.5555,
Brian,O'Neill,8476772,27.9123287671,20152016,L,R,NJD,22,0,2,14,-3,8,621.6818,15.3181,
Ryan,Murray,8476850,22.5863013699,20152016,L,D,CBJ,82,4,21,90,-10,40,1370.7682,27.5365,
Oliver,Kylington,8478430,18.9424657534,20152016,L,D,CGY,1,0,0,1,0,0,1042.0,20.0,
Nicklas,Grossmann,8471269,31.2712328767,20152016,L,D,ARI,58,3,4,42,-3,24,1067.1551,26.0862,
Jarret,Stoll,8468526,33.8547945205,20152016,R,C,NYR|MIN,80,4,5,49,-1,36,730.625,18.6875,
Zach,Parise,8470610,31.7589041096,20152016,L,L,MIN,70,25,28,234,-3,36,1157.5142,23.2571,
Andrew,Cogliano,8471699,28.8794520548,20152016,L,L,ANA,82,9,23,131,2,28,865.9024,22.1707,
Craig,Smith,8475225,26.6493150685,20152016,R,R,NSH,82,21,16,199,4,40,911.0853,20.7804,
Tyler,Bozak,8475098,30.1178082192,20152016,R,C,TOR,57,12,23,99,-9,18,1040.4912,24.4736,
Brandon,Gormley,8475759,24.1945205479,20152016,L,D,COL,26,0,1,11,-3,8,730.5384,18.6538,
Eric,Boulton,8460720,39.7095890411,20152016,L,L,NYI,6,0,0,3,-3,2,569.1666,14.6666,
Stephen,Gionta,8472410,32.5616438356,20152016,R,C,NJD,82,1,10,62,-13,43,732.6341,17.0121,
Alex,Grant,8474005,27.2739726027,20152016,R,D,ARI,5,0,0,4,-2,7,794.0,19.0,
Brody,Sutter,8475980,24.5917808219,20152016,R,C,CAR,8,0,0,7,-4,0,538.0,13.125,
Ryan,Carpenter,8477846,25.2794520548,20152016,R,C,SJS,1,0,0,0,0,0,447.0,13.0,
Max,McCormick,8476323,23.9945205479,20152016,L,R,OTT,20,2,2,37,-4,37,627.5,14.75,
Brandon,Prust,8471283,32.1260273973,20152016,L,L,VAN,35,1,6,19,-3,59,767.0571,17.7428,
Shawn,Thornton,8465978,38.7780821918,20152016,R,L,FLA,50,1,4,58,-2,80,521.34,11.86,
Michael,Frolik,8473564,28.2,20152016,L,R,CGY,64,15,17,155,1,24,948.5312,23.2031,
Kyle,Brodziak,8470803,31.9342465753,20152016,R,C,STL,76,7,4,49,-1,37,648.3026,17.0657,
Jordin,Tootoo,8469547,33.2438356164,20152016,R,R,NJD,66,4,5,90,-26,102,691.6666,15.606,
Brock,Nelson,8475754,24.5397260274,20152016,L,L,NYI,81,26,14,165,-3,30,948.1975,20.6913,
Morgan,Ellis,8475782,23.997260274,20152016,R,D,MTL,3,0,0,3,0,2,537.3333,13.3333,
Nate,Prosser,8475613,29.9835616438,20152016,R,D,MIN,54,0,3,20,1,39,683.0,16.4629,
Sean,Couturier,8476461,23.3917808219,20152016,L,C,PHI,63,11,28,119,8,30,1116.0476,25.5238,
Kevan,Miller,8476191,28.4575342466,20152016,R,D,BOS,71,5,13,64,15,53,1143.5211,26.0422,
Jordan,Schroeder,8475147,25.5835616438,20152016,R,C,MIN,26,2,2,30,2,2,564.9615,13.7307,
Brett,Connolly,8475792,23.9917808219,20152016,R,R,BOS,71,9,16,95,-1,20,777.6619,18.7042,
Jaromir,Jagr,8448208,44.2164383562,20152016,L,R,FLA,79,27,39,143,23,48,1024.5063,20.4556,
Joshua,Morrissey,8477504,21.0876712329,20152016,L,D,WPG,1,0,0,1,0,0,954.0,23.0,
Michael,Chaput,8475808,24.0547945205,20152016,L,C,CBJ,8,1,1,10,3,5,539.875,13.0,
Tom,Kuhnhackl,8475832,24.2712328767,20152016,L,R,PIT,42,5,10,52,3,24,732.0,19.3333,
Alexey,Marchenko,8476289,24.3232876712,20152016,R,D,DET,66,2,9,40,-5,10,1009.8636,24.5606,
Steve,Downie,8471703,29.0767123288,20152016,R,R,ARI,26,3,3,22,1,53,540.1153,13.423,
Oliver,Bjorkstrand,8477416,21.0520547945,20152016,R,R,CBJ,12,4,4,25,6,0,958.5833,19.9166,
Johnny,Oduya,8469665,34.5835616438,20152016,L,D,DAL,82,4,17,63,8,26,1222.6463,27.2804,
Mirco,Mueller,8477509,21.1068493151,20152016,L,D,SJS,11,0,0,8,-4,7,636.1818,15.1818,
Zac,Dalpe,8474610,26.4931506849,20152016,R,C,MIN,2,1,0,3,0,0,615.0,15.5,
Ryan,White,8473466,28.1205479452,20152016,R,C,PHI,73,11,5,88,-9,101,753.8356,17.6027,
Tobias,Lindberg,8477427,20.7698630137,20152016,L,R,TOR,6,0,2,12,0,4,950.3333,21.5,
Julian,Melchiori,8475815,24.397260274,20152016,L,D,WPG,11,0,0,12,1,0,815.7272,17.8181,
David,Schlemko,8473673,28.9835616438,20152016,L,D,NJD,67,6,13,104,-22,16,1118.9402,24.5074,
Sami,Vatanen,8475222,24.9068493151,20152016,R,D,ANA,71,9,29,140,8,20,1278.8309,26.2394,
Derek,Dorsett,8473432,29.3616438356,20152016,R,R,VAN,71,5,11,91,-13,177,755.4225,18.2112,
James,Wisniewski,8470222,32.1917808219,20152016,R,D,CAR,1,0,0,0,0,0,47.0,2.0,
Michael,McCarron,8477446,21.1452054795,20152016,R,R,MTL,20,1,1,41,-10,37,700.9,17.7,
Rinat,Valiev,8477642,20.9671232877,20152016,L,D,TOR,10,0,0,7,0,0,735.0,18.2,
Ty,Rattie,8476427,23.2273972603,20152016,R,R,STL,13,4,2,16,1,4,557.2307,14.2307,
Mike,Blunden,8471663,29.3753424658,20152016,R,R,TBL,20,3,2,14,3,34,519.2,12.4,
Ben,Harpur,8477433,21.2931506849,20152016,L,D,OTT,5,0,1,3,1,2,819.6,17.4,
Paul,Gaustad,8468700,34.2410958904,20152016,L,C,NSH,63,2,4,46,-4,46,674.5238,18.0158,
Luke,Gazdic,8473989,26.7643835616,20152016,L,L,EDM,29,1,0,18,-6,24,371.862,9.7931,
Jonathan,Ericsson,8470318,32.1643835616,20152016,L,D,DET,71,3,12,68,2,56,1112.0704,27.5633,
Jori,Lehtera,8474627,28.3534246575,20152016,L,C,STL,79,9,25,83,12,38,964.962,24.0379,
John,Klingberg,8475906,23.7068493151,20152016,R,D,DAL,76,10,48,171,22,30,1361.2894,27.1052,
Reilly,Smith,8475191,25.0794520548,20152016,L,R,FLA,82,25,25,173,19,31,1116.6585,23.8658,
Frans,Nielsen,8470144,32.0191780822,20152016,L,C,NYI,81,20,32,181,1,12,1063.1975,24.0987,
Chris,Thorburn,8469501,32.9123287671,20152016,R,R,WPG,82,6,6,70,-1,81,607.2804,15.7073,
Kyle,Baun,8478393,23.9863013699,20152016,R,R,CHI,2,0,0,1,-2,0,543.0,12.0,
Adam,Pelech,8476917,21.701369863,20152016,L,D,NYI,9,0,2,8,-1,0,1054.7777,21.1111,
Gustav,Olofsson,8477467,21.4082191781,20152016,L,D,MIN,2,0,0,1,0,0,551.5,13.5,
Chris,Summers,8473589,28.2328767123,20152016,L,D,NYR,3,0,0,5,-2,4,923.3333,25.3333,
Harry,Zolnierczyk,8476158,28.6630136986,20152016,L,C,ANA,1,0,0,1,-1,0,528.0,14.0,
Brandon,Dubinsky,8471273,30.0054794521,20152016,L,C,CBJ,75,17,31,158,-16,71,1125.7866,24.44,
Brendan,Woods,8476944,23.8821917808,20152016,L,L,CAR,5,0,0,5,0,7,522.4,12.8,
Adam,Lowry,8476392,23.0849315068,20152016,L,C,WPG,74,7,10,73,-9,53,841.1081,20.3108,
Teemu,Pulkkinen,8475800,24.3232876712,20152016,R,L,DET,36,6,6,65,2,14,694.0277,16.3888,
Cody,Bass,8471760,29.3123287671,20152016,R,C,NSH,17,0,0,11,-1,17,459.7647,12.4705,
Stanislav,Galiev,8475816,24.2821917808,20152016,R,R,WSH,24,0,3,30,2,4,547.2083,11.875,
Kris,Letang,8471724,29.0191780822,20152016,R,D,PIT,71,16,51,218,9,66,1616.7042,30.9577,
Scott,Mayfield,8476429,23.5397260274,20152016,R,D,NYI,6,1,0,4,-4,11,1026.5,19.8333,
Micheal,Haley,8474230,30.0876712329,20152016,L,C,SJS,16,1,0,10,-2,48,425.875,11.0625,
Devin,Shore,8476913,21.7780821918,20152016,L,C,DAL,3,0,0,1,2,0,727.0,16.6666,
Aaron,Ness,8474604,25.9506849315,20152016,L,D,WSH,8,0,2,8,4,2,743.25,17.5,
Jonas,Brodin,8476463,22.797260274,20152016,L,D,MIN,68,2,5,58,-5,18,1225.1617,26.3529,
Evgeny,Medvedev,8478563,33.6794520548,20152016,L,D,PHI,45,4,8,71,5,34,1129.7111,24.7111,
Anthony,Bitetto,8475868,25.7917808219,20152016,L,D,NSH,28,1,5,19,0,19,728.0357,16.8571,
Jimmy,Hayes,8474625,26.4383561644,20152016,R,R,BOS,75,13,16,127,-12,60,829.5866,18.0,
Jakub,Nakladal,8478562,28.3342465753,20152016,R,D,CGY,27,2,3,42,-5,6,851.4074,18.7407,
Andrej,Sustr,8477205,25.4164383562,20152016,R,D,TBL,77,4,17,65,-2,30,1010.1818,21.4155,
Antoine,Roussel,8474849,26.4383561644,20152016,L,L,DAL,80,13,16,111,11,123,831.425,21.1875,
Vincent,Trocheck,8476389,22.8,20152016,R,C,FLA,76,25,28,174,15,44,1066.2105,21.2894,
Jeremy,Welsh,8476819,28.0,20152016,L,C,STL,2,0,0,0,0,2,498.5,13.0,
Robert,Bortuzzo,8474145,27.1178082192,20152016,R,D,STL,40,2,1,47,2,52,796.15,20.525,
Andrew,Copp,8477429,21.8082191781,20152016,L,C,WPG,77,7,6,54,8,6,480.1948,12.0519,
Clarke,MacArthur,8470667,31.0684931507,20152016,L,L,OTT,4,0,0,4,-1,0,651.5,15.0,
Brian,Flynn,8476808,27.7616438356,20152016,R,C,MTL,56,4,6,73,-3,6,703.9821,19.9107,
Jakob,Silfverberg,8475164,25.5452054795,20152016,R,R,ANA,82,20,19,215,8,32,1018.4634,24.1097,
Ben,Street,8476043,29.2109589041,20152016,L,C,COL,7,0,0,8,-1,4,440.7142,12.4285,
Paul,Stastny,8471669,30.3424657534,20152016,L,C,STL,64,10,39,103,3,26,1149.0937,26.7812,
Patrice,Cormier,8474616,25.8767123288,20152016,L,C,WPG,2,0,0,1,0,0,269.5,6.5,
Chase,De Leo,8478029,20.5095890411,20152016,L,C,WPG,2,0,0,2,1,0,565.0,12.5,
Andrew,Ference,8466333,37.1287671233,20152016,L,D,EDM,6,0,0,4,-4,6,783.5,18.5,
Melker,Karlsson,8477922,25.7835616438,20152016,R,C,SJS,65,10,9,96,5,16,811.4153,20.3076,
Brett,Kulak,8476967,22.3095890411,20152016,L,D,CGY,8,0,0,9,-2,0,740.75,18.25,
Ryan,Spooner,8475727,24.2465753425,20152016,L,C,BOS,80,13,36,162,-9,35,908.4625,19.2375,
Matt,Calvert,8474685,26.3479452055,20152016,L,L,CBJ,73,11,13,114,1,51,907.6849,20.2876,
Henrik,Zetterberg,8468083,35.5616438356,20152016,L,L,DET,82,13,37,214,-15,24,1164.6219,24.0731,
Vladislav,Namestnikov,8476480,23.4328767123,20152016,L,C,TBL,80,14,21,106,17,45,846.95,17.4125,
Mike,Weber,8473426,28.3726027397,20152016,L,D,BUF|WSH,45,1,4,40,2,60,928.8222,21.9333,
Andrew,Desjardins,8471956,29.7616438356,20152016,L,L,CHI,77,8,5,96,-8,30,802.922,19.6623,
Erik,Gudbranson,8475790,24.3095890411,20152016,R,D,FLA,64,2,7,73,3,49,1206.75,23.25,
Kris,Versteeg,8471346,29.9671232877,20152016,R,R,CAR|LAK,77,15,23,156,0,45,923.2727,20.8051,
Nikolay,Kulemin,8473579,29.797260274,20152016,L,L,NYI,81,9,13,92,13,22,843.6543,20.6666,
Sean,Monahan,8477497,21.5452054795,20152016,L,C,CGY,81,27,36,197,-6,18,1150.1975,26.2716,
J.T.,Miller,8476468,23.1260273973,20152016,L,C,NYR,82,22,21,135,10,46,902.0853,20.4268,
Jason,Chimera,8466251,37.002739726,20152016,L,L,WSH,82,20,20,165,0,22,843.0365,19.6829,
Kris,Russell,8471729,28.997260274,20152016,L,D,CGY|DAL,62,4,15,70,-5,10,1384.5483,31.0161,
Frank,Corrado,8476302,23.0931506849,20152016,R,D,TOR,39,1,5,46,-12,26,867.2307,21.3589,
Radko,Gudas,8475462,25.901369863,20152016,R,D,PHI,76,5,9,150,-3,116,1190.6184,25.5263,
Stephen,Johns,8475730,24.0301369863,20152016,R,D,DAL,14,1,2,13,-6,6,1069.7857,23.3571,
Shea,Weber,8470642,30.7123287671,20152016,R,D,NSH,78,20,31,189,-7,27,1522.6153,29.923,
Benoit,Pouliot,8471678,29.5863013699,20152016,L,L,EDM,55,14,22,109,-6,30,962.9636,22.7454,
Mike,Santorelli,8471390,30.3780821918,20152016,R,C,ANA,70,9,9,81,-4,8,605.5571,14.1857,
Matt,Irwin,8475625,28.4191780822,20152016,L,D,BOS,2,0,0,3,-5,0,896.0,21.5,
Nazem,Kadri,8475172,25.5643835616,20152016,L,C,TOR,76,17,28,260,-15,73,1096.4078,25.0263,
Kyle,Rau,8476415,23.5123287671,20152016,L,C,FLA,9,0,0,15,-1,2,755.4444,17.5555,
TJ,Brennan,8474113,27.0739726027,20152016,L,D,TOR,7,1,0,11,-6,6,905.8571,22.7142,
Blake,Comeau,8471260,30.197260274,20152016,R,L,COL,81,12,24,142,-9,58,1057.6296,22.7901,
Victor,Hedman,8475167,25.3643835616,20152016,L,D,TBL,78,10,37,180,21,46,1383.9743,26.2435,
Matt,Beleskey,8473492,27.895890411,20152016,L,L,BOS,80,15,22,168,6,65,951.4125,20.7875,
Klas,Dahlbeck,8476403,24.8164383562,20152016,L,D,ARI,71,2,6,64,-5,28,943.9718,23.2535,
Patrick,Sharp,8469544,34.3452054795,20152016,R,L,DAL,76,20,35,226,-3,27,1057.0657,22.9473,
Hunter,Shinkaruk,8477445,21.5424657534,20152016,L,C,VAN|CGY,8,2,1,12,-4,2,897.875,19.5,
Magnus,Paajarvi,8475175,25.0493150685,20152016,L,L,STL,48,3,6,88,-9,8,771.0,19.5,
Mikkel,Boedker,8474571,26.3698630137,20152016,L,L,ARI|COL,80,17,34,166,-33,12,1111.7625,22.35,
Seth,Jones,8477495,21.5698630137,20152016,R,D,NSH|CBJ,81,3,28,157,-14,22,1324.5925,26.0123,
Tyler,Seguin,8475794,24.2438356164,20152016,R,C,DAL,72,33,40,278,2,16,1166.5416,24.2222,
Nicklas,Backstrom,8473563,28.4356164384,20152016,L,C,WSH,75,20,50,129,17,36,1150.9066,23.24,
Erik,Condra,8473588,29.7342465753,20152016,R,R,TBL,54,6,5,58,-4,34,642.4074,14.8518,
Patrick,Kane,8474141,27.4438356164,20152016,L,R,CHI,82,46,60,287,17,30,1224.6219,23.9878,
Johnny,Gaudreau,8476346,22.7095890411,20152016,L,L,CGY,79,30,48,217,4,20,1195.8354,24.9367,
Joseph,Blandisi,8477010,21.7808219178,20152016,L,L,NJD,41,5,12,43,-14,34,936.1463,19.2682,
Ian,Cole,8474013,27.1863013699,20152016,L,D,PIT,70,0,12,72,-3,59,1034.3428,23.4142,
Joel,Armia,8476469,22.9123287671,20152016,R,R,WPG,43,4,6,52,2,12,729.6744,16.8837,
Luke,Glendening,8476822,27.0054794521,20152016,R,C,DET,81,8,13,88,4,46,874.6666,21.7777,
Nikita,Zadorov,8477507,21.0356164384,20152016,L,D,COL,22,0,2,18,-5,12,1015.9545,21.3181,
Bobby,Farnham,8476769,27.2712328767,20152016,L,L,PIT|NJD,53,8,2,50,-2,97,558.7924,13.283,
Cody,Goloubef,8474597,26.4136986301,20152016,R,D,CBJ,43,1,7,40,-3,20,907.6046,20.0,
Alex,Biega,8473415,28.0712328767,20152016,R,D,VAN,51,0,7,61,-11,22,1005.8039,24.1568,
Michael,Keranen,8477923,26.3178082192,20152016,L,L,MIN,1,0,0,0,-1,0,369.0,8.0,
Viktor,Tikhonov,8474588,27.9671232877,20152016,R,R,CHI|ARI,50,3,3,41,-10,20,686.06,15.9,
Mark,Letestu,8473914,31.2356164384,20152016,R,C,EDM,82,10,15,107,-21,10,946.939,22.7317,
Connor,Brown,8477015,22.2876712329,20152016,R,R,TOR,7,1,5,11,-2,0,898.2857,20.1428,
Mark,Barberio,8474717,26.104109589,20152016,L,D,MTL,30,2,8,32,0,6,899.8666,19.3333,
Mattias,Ekholm,8475218,25.9342465753,20152016,L,D,NSH,82,8,27,114,14,44,1214.5,25.878,
Antoine,Vermette,8468535,33.7835616438,20152016,L,C,ARI,76,17,21,123,-14,93,998.4605,22.7763,
Gregory,Campbell,8470169,32.3726027397,20152016,L,C,CBJ,82,3,8,58,-6,78,633.9756,15.317,
Chris,Kelly,8467967,35.4712328767,20152016,L,C,BOS,11,2,0,8,3,0,785.1818,19.1818,
Sven,Baertschi,8476466,23.5643835616,20152016,L,L,VAN,69,15,13,108,-14,14,807.4927,18.3043,
Dalton,Prout,8474774,26.1315068493,20152016,R,D,CBJ,64,3,6,69,-6,102,970.3593,21.7187,
Nikita,Kucherov,8476453,22.8657534247,20152016,L,R,TBL,77,30,36,209,9,30,1092.7402,20.8701,
Marcus,Johansson,8475149,25.5643835616,20152016,L,L,WSH,74,17,29,132,12,16,998.3783,19.7297,
Yanni,Gourde,8476826,24.3726027397,20152016,L,C,TBL,2,0,1,0,1,2,439.0,10.5,
Michael,Paliotta,8476394,23.0630136986,20152016,R,D,CBJ,1,0,0,2,0,4,452.0,12.0,
John,McCarthy,8473562,29.7260273973,20152016,L,C,SJS,1,0,0,0,0,0,425.0,12.0,
Nicolas,Deslauriers,8475235,25.1835616438,20152016,L,L,BUF,70,6,6,72,-14,59,619.7,14.3142,
Ales,Hemsky,8469466,32.7178082192,20152016,R,R,DAL,75,13,26,155,3,20,786.2533,19.5733,
Curtis,Lazar,8477508,21.2356164384,20152016,R,R,OTT,76,6,14,78,-1,18,831.5263,19.4605,
Victor,Rask,8476437,23.1616438356,20152016,L,C,CAR,80,21,27,160,-6,24,1018.9875,22.4625,
Zach,Sill,8475119,27.9342465753,20152016,L,C,WSH,10,1,0,13,0,2,596.0,14.0,
Shayne,Gostisbehere,8476906,23.0246575342,20152016,L,D,PHI,64,17,29,152,8,24,1205.4218,24.4375,
Michal,Rozsival,8465058,37.6630136986,20152016,R,D,CHI,51,1,12,41,3,33,969.6274,21.4901,
Mikael,Granlund,8475798,24.1726027397,20152016,L,C,MIN,82,13,31,160,-12,20,1087.1707,22.6219,
Jacob,Josefson,8475185,25.1616438356,20152016,L,C,NJD,58,4,10,86,-21,20,931.3275,22.3793,
Karl,Alzner,8473991,27.597260274,20152016,L,D,WSH,82,4,17,75,14,26,1282.5,27.4146,
Jay,Beagle,8474291,30.5397260274,20152016,R,R,WSH,57,8,9,74,0,24,840.9649,19.6842,
Robby,Fabbri,8477952,20.2657534247,20152016,L,C,STL,72,18,19,114,-2,25,798.9027,19.0277,
Andrej,Sekera,8471284,29.895890411,20152016,L,D,EDM,81,6,24,155,-15,12,1310.3209,28.2839,
Martin,Havlat,8467899,35.0356164384,20152016,L,R,STL,2,1,0,3,0,0,653.5,16.0,
Elias,Lindholm,8477496,21.4054794521,20152016,R,C,CAR,82,11,28,176,-23,24,1086.6829,24.4512,
Nate,Thompson,8470775,31.5698630137,20152016,L,C,ANA,49,3,3,42,-1,47,695.5918,18.4489,
Tyler,Johnson,8474870,25.7534246575,20152016,R,C,TBL,69,14,24,167,4,20,1028.3623,20.5217,
Trevor,Carrick,8476953,21.8191780822,20152016,L,D,CAR,2,0,0,3,-1,0,999.5,22.0,
Tyler,Kennedy,8471311,29.7945205479,20152016,R,C,NJD,50,3,13,72,-14,14,805.5,18.18,
Damon,Severson,8476923,21.7260273973,20152016,R,D,NJD,72,1,20,94,-8,32,1089.8888,23.0972,
Dale,Weise,8474668,27.7342465753,20152016,R,R,MTL|CHI,71,14,13,136,4,24,804.8873,19.8028,
John,Scott,8473722,33.597260274,20152016,L,L,ARI|MTL,12,0,1,6,-1,27,391.6666,10.5,
John-Michael,Liles,8468639,35.4328767123,20152016,L,D,CAR|BOS,81,6,15,111,-10,18,1218.2222,26.5679,
Dylan,Larkin,8477946,19.7452054795,20152016,L,C,DET,80,23,22,221,11,34,992.65,21.9375,
Brooks,Laich,8469639,32.8575342466,20152016,L,C,WSH|TOR,81,2,12,101,-13,18,686.0987,16.6666,
Chris,Brown,8475161,25.2356164384,20152016,R,R,WSH,1,0,0,1,0,0,461.0,11.0,
Andrew,Ladd,8471217,30.3835616438,20152016,L,L,WPG|CHI,78,25,21,181,-13,45,1134.8589,25.0384,
Joel,Ward,8468208,35.4136986301,20152016,R,R,SJS,79,21,22,138,-15,28,1018.3797,23.1772,
Calvin,de Haan,8475177,24.9753424658,20152016,L,D,NYI,72,2,14,102,3,20,1237.9722,23.8194,
Alexei,Emelin,8471296,30.0164383562,20152016,L,D,MTL,72,0,12,71,-7,71,1229.875,25.7361,
Michael,Grabner,8473546,28.5698630137,20152016,L,R,TOR,80,9,9,116,-4,12,868.15,22.7375,
Pierre-Alexandre,Parenteau,8469707,33.1068493151,20152016,R,R,TOR,77,20,21,168,0,68,975.5324,22.4675,
Ryan,Nugent-Hopkins,8476454,23.0465753425,20152016,L,C,EDM,55,12,22,108,-9,18,1143.7454,24.2363,
Dylan,DeMelo,8476331,22.9945205479,20152016,R,D,SJS,45,2,2,42,0,14,817.0888,18.4444,
Jacob,Trouba,8476885,22.1698630137,20152016,R,D,WPG,81,6,15,133,10,62,1323.9876,26.5802,
Justin,Abdelkader,8471716,29.1780821918,20152016,L,L,DET,82,19,23,155,-16,120,1106.1341,24.3536,
Jeff,Petry,8473507,28.3917808219,20152016,R,D,MTL,51,5,11,98,-6,16,1281.3725,26.8627,
Alexander,Edler,8471303,30.0273972603,20152016,L,D,VAN,52,6,14,111,-8,46,1467.1538,30.75,
Cody,Ceci,8476879,22.3534246575,20152016,R,D,OTT,75,10,16,116,9,18,1158.0133,24.4133,
Simon,Despres,8475155,24.7589041096,20152016,L,D,ANA,32,0,4,32,2,8,1177.6562,24.2187,
Tye,McGinn,8475775,25.7534246575,20152016,L,L,TBL,2,0,0,1,0,0,512.5,12.0,
Matthew,Carle,8470640,31.597260274,20152016,L,D,TBL,64,2,7,54,4,26,1006.7812,21.7656,
Griffin,Reinhart,8476852,22.2602739726,20152016,L,D,EDM,29,0,1,24,-6,20,1084.4827,24.3448,
Tyler,Wotherspoon,8476452,23.1315068493,20152016,L,D,CGY,11,0,1,9,0,0,850.1818,19.0909,
Reid,Boucher,8476423,22.6383561644,20152016,L,L,NJD,39,8,11,74,-13,6,856.2051,18.5384,
Jamie,McGinn,8473465,27.7342465753,20152016,L,L,BUF|ANA,84,22,17,156,-7,33,857.5595,18.3928,
Josh,Archibald,8476326,23.5616438356,20152016,R,R,PIT,1,0,0,0,0,0,302.0,8.0,
Sean,Collins,8474744,27.3342465753,20152016,L,C,WSH,2,0,0,0,-1,2,511.5,12.0,
Max,Friberg,8476384,23.4383561644,20152016,R,R,ANA,5,0,0,1,-1,2,530.4,13.8,
Ryan,Stanton,8475598,26.7780821918,20152016,L,D,WSH,1,0,0,0,-1,2,521.0,19.0,
Cal,Clutterbuck,8473504,28.4493150685,20152016,R,R,NYI,77,15,8,80,7,22,714.961,19.1298,
Marian,Hossa,8466148,37.304109589,20152016,L,R,CHI,64,13,20,191,10,24,1035.6875,24.0937,
Andre,Burakovsky,8477444,21.2164383562,20152016,L,L,WSH,79,17,21,126,4,12,781.4683,16.3544,
Lars,Eller,8474189,26.9780821918,20152016,L,C,MTL,79,13,13,149,-13,28,915.4303,22.2278,
Marc,Staal,8471686,29.295890411,20152016,L,D,NYR,77,2,13,65,2,36,1180.7532,27.2987,
Brett,Pesce,8477488,21.4520547945,20152016,R,D,CAR,69,4,12,85,-7,16,1126.0869,24.5652,
Connor,Murphy,8476473,23.0931506849,20152016,R,D,ARI,78,6,11,101,5,48,1230.5769,28.923,
Jonathan,Marchessault,8476539,25.3397260274,20152016,R,C,TBL,45,7,11,81,-10,17,725.3555,15.4222,
William,Karlsson,8476448,23.304109589,20152016,L,C,CBJ,81,9,11,108,-9,6,868.1975,19.7283,
Justin,Braun,8474027,29.2191780822,20152016,R,D,SJS,80,4,19,114,11,36,1233.5625,25.575,
Logan,Shaw,8476400,23.5643835616,20152016,R,R,FLA,53,5,2,72,-7,13,734.4528,16.7358,
Adam,Clendening,8476431,23.5068493151,20152016,R,D,PIT|EDM,29,1,6,43,6,20,887.7586,19.7931,
Boone,Jenner,8476432,22.8712328767,20152016,L,C,CBJ,82,30,19,225,-15,77,984.5487,21.1707,
Ryan,Getzlaf,8470612,30.9753424658,20152016,R,C,ANA,77,13,50,178,14,55,1170.3506,24.5324,
Ladislav,Smid,8471222,30.2438356164,20152016,L,D,CGY,22,0,0,11,-7,6,695.1363,17.0909,
Zac,Rinaldo,8474736,25.8739726027,20152016,L,C,BOS,52,1,2,38,-5,83,497.75,11.8846,
David,Perron,8474102,27.9232876712,20152016,R,L,PIT|ANA,71,12,24,147,-1,62,912.7605,21.507,
Brayden,McNabb,8475188,25.2712328767,20152016,L,D,LAK,81,2,12,91,11,92,1128.9012,26.0617,
Zach,Redmond,8474743,27.7616438356,20152016,R,D,COL,37,2,4,22,5,10,706.7297,16.8918,
Nate,Guenin,8470317,33.3917808219,20152016,R,D,COL,29,0,0,10,2,2,783.6206,19.931,
Paul,Martin,8468542,35.1589041096,20152016,L,D,SJS,78,3,17,49,13,22,1243.6666,24.9358,
Nick,Holden,8474207,28.9616438356,20152016,L,D,COL,82,6,16,98,-1,24,1312.8292,28.1951,
Ryan,O'Reilly,8475158,25.2246575342,20152016,L,C,BUF,71,21,39,157,-16,8,1304.0985,25.845,
Jared,Boll,8471766,29.9671232877,20152016,R,R,CBJ,30,1,2,11,-3,61,399.0,10.7,
Nick,Schultz,8468513,33.6849315068,20152016,L,D,PHI,81,1,9,70,-1,42,1076.8024,26.5061,
Cody,Franson,8471742,28.7287671233,20152016,R,D,BUF,59,4,13,92,-5,26,1010.2372,23.9661,
Jayson,Megna,8477126,26.2410958904,20152016,R,C,NYR,6,1,1,9,-1,2,734.8333,17.8333,
Kevin,Shattenkirk,8474031,27.2493150685,20152016,R,D,STL,72,14,30,180,-14,51,1345.3333,28.3472,
Alex,Killorn,8473986,26.6246575342,20152016,L,C,TBL,81,14,26,154,14,44,1007.716,20.5185,
Mathieu,Perreault,8473618,28.3178082192,20152016,L,C,WPG,71,9,32,133,-11,36,992.9436,21.0563,
Jesper,Fast,8475855,24.4082191781,20152016,R,R,NYR,79,10,20,75,9,18,896.2911,21.9873,
Jordan,Eberle,8474586,25.9589041096,20152016,R,R,EDM,69,25,22,173,-12,14,1071.3623,22.6086,
Christoph,Bertschy,8477006,22.0657534247,20152016,R,C,MIN,3,0,0,3,0,0,416.6666,10.6666,
Kael,Mouillierat,8476147,28.3917808219,20152016,L,L,PIT,1,0,0,1,0,2,641.0,17.0,
Ryan,Strome,8476458,22.8,20152016,R,R,NYI,71,8,20,132,-9,28,939.4647,19.7746,
Trevor,Lewis,8473453,29.3095890411,20152016,R,C,LAK,75,8,8,167,-10,20,873.5866,20.4133,
Jordan,Nolan,8475325,26.8520547945,20152016,L,C,LAK,52,0,5,49,0,38,533.8269,12.8269,
Nino,Niederreiter,8475799,23.6383561644,20152016,L,R,MIN,82,20,23,159,9,36,932.6097,20.1219,
Jason,Garrison,8474520,31.4630136986,20152016,L,D,TBL,72,5,6,99,-4,18,1107.8194,23.6666,
Eric,Gelinas,8475199,24.9780821918,20152016,L,D,NJD|COL,40,1,5,55,-6,16,830.075,18.675,
Scottie,Upshall,8470105,32.5671232877,20152016,L,R,STL,70,6,8,113,5,44,656.8571,18.1571,
Drew,Miller,8470778,32.202739726,20152016,L,L,DET,28,1,1,27,-5,2,778.3571,18.8214,
Oscar,Klefbom,8476472,22.7753424658,20152016,L,D,EDM,30,4,8,48,-4,6,1313.1,27.4666,
Eric,Fehr,8470611,30.6465753425,20152016,R,C,PIT,55,8,6,74,0,19,783.3454,20.5636,
David,Pastrnak,8477956,19.9260273973,20152016,R,R,BOS,51,15,11,108,3,20,836.7058,18.5686,
Emile,Poirier,8477486,21.3726027397,20152016,L,L,CGY,2,0,0,3,-1,2,833.5,19.5,
Jacob,De La Rose,8477455,20.9424657534,20152016,L,L,MTL,22,0,1,20,-6,6,746.0909,19.0,
Jake,Gardiner,8474581,25.8219178082,20152016,L,D,TOR,79,7,24,122,-15,32,1237.2531,27.6329,
Patrick,Eaves,8470622,32.0,20152016,R,R,DAL,54,11,6,86,-5,27,778.4814,18.9444,
Carl,Gunnarsson,8474125,29.4739726027,20152016,L,D,STL,72,3,6,51,7,31,1042.7777,25.0833,
Ben,Chiarot,8475279,24.9753424658,20152016,L,D,WPG,70,1,9,74,-9,43,867.4714,17.9857,
Phillip,Di Giuseppe,8476858,22.5534246575,20152016,L,L,CAR,41,7,10,68,0,18,855.9756,19.2439,
Stefan,Elliott,8475206,25.2465753425,20152016,R,D,ARI|NSH,21,2,4,37,-3,4,850.0,20.1428,
Connor,Carrick,8476941,22.0438356164,20152016,R,D,WSH|TOR,19,2,2,21,-5,15,932.0,21.2631,
Jack,Eichel,8478403,19.498630137,20152016,R,C,BUF,81,24,32,238,-16,22,1147.2962,22.1728,
Colin,Miller,8476525,23.498630137,20152016,R,D,BOS,42,3,13,59,0,39,947.6904,20.5952,
Zemgus,Girgensons,8476878,22.3123287671,20152016,L,C,BUF,71,7,11,110,0,20,902.169,20.2957,
Greg,Pateryn,8474688,25.8602739726,20152016,R,D,MTL,38,1,6,32,-8,49,1004.921,21.921,
Filip,Forsberg,8476887,21.7095890411,20152016,R,L,NSH,82,33,31,247,1,47,1143.1585,24.9756,
Brandon,Pirri,8475204,25.0547945205,20152016,L,C,FLA|ANA,61,14,15,128,-4,30,870.9836,18.1639,
Nick,Bjugstad,8475760,23.7835616438,20152016,R,C,FLA,67,15,19,171,-8,41,930.597,19.4925,
Max,Pacioretty,8474157,27.4410958904,20152016,L,L,MTL,82,30,34,303,-10,34,1111.6341,25.6951,
Vladimir,Tarasenko,8475765,24.3780821918,20152016,L,R,STL,80,40,34,292,7,37,1118.2625,26.6125,
Nick,Paul,8477426,21.1095890411,20152016,L,L,OTT,24,2,3,28,-3,6,731.625,17.7083,
Radek,Faksa,8476889,22.301369863,20152016,L,C,DAL,45,5,7,67,9,16,741.2222,18.5333,
Mike,Green,8471242,30.5506849315,20152016,R,D,DET,74,7,28,124,-6,38,1186.1081,24.7432,
Mark,Fayne,8471816,28.9616438356,20152016,R,D,EDM,69,2,5,61,-6,18,1003.0144,24.8695,
Mark,Stuart,8470614,32.0109589041,20152016,L,D,WPG,64,1,2,39,-7,66,981.0,21.1718,
Josh,Bailey,8474573,26.5753424658,20152016,L,R,NYI,81,12,20,105,-7,22,950.9629,20.716,
Pierre-Edouard,Bellemare,8477930,31.1534246575,20152016,L,L,PHI,74,7,7,102,-8,27,814.1351,19.7162,
Willie,Mitchell,8465185,39.0273972603,20152016,L,D,FLA,46,1,6,33,-2,18,1195.5217,23.7608,
Jiri,Sekac,8478137,23.8849315068,20152016,L,L,ANA|CHI|ARI,39,1,5,49,-5,16,699.923,15.5641,
Oliver,Ekman-Larsson,8475171,24.7863013699,20152016,L,D,ARI,75,21,34,228,-6,96,1486.1733,28.36,
Ross,Johnston,8477527,22.1917808219,20152016,L,L,NYI,1,0,0,0,0,4,977.0,22.0,
Evan,Rodrigues,8478542,22.7534246575,20152016,R,L,BUF,2,1,1,8,2,0,705.0,16.0,
Andrei,Markov,8467496,37.3671232877,20152016,L,D,MTL,82,5,39,117,-6,38,1430.1463,27.4268,
Ryan,Reaves,8471817,29.2767123288,20152016,R,R,STL,64,3,1,31,-6,68,481.7343,11.9062,
TJ,Brodie,8474673,25.895890411,20152016,L,D,CGY,70,6,39,79,4,18,1515.6285,30.1,
Christopher,Tanev,8475690,26.3589041096,20152016,R,D,VAN,69,4,14,42,-8,8,1305.2173,30.2898,
Stefan,Matteau,8476870,22.1780821918,20152016,L,C,NJD|MTL,32,1,1,27,-13,17,616.9687,15.0937,
Adam,Pardy,8471385,32.0904109589,20152016,L,D,WPG|EDM,23,0,4,22,-7,14,953.0434,20.826,
Ryan,Johnston,8478963,24.2054794521,20152016,R,D,MTL,3,0,0,1,1,0,976.6666,18.0,
Cam,Fowler,8475764,24.4,20152016,L,D,ANA,69,5,23,113,-8,27,1366.8405,26.6956,
Olli,Maatta,8476874,21.6849315068,20152016,L,D,PIT,67,6,13,95,27,22,1197.6119,27.3283,
Brent,Regner,8474698,26.9534246575,20152016,R,D,FLA,7,0,0,7,-2,4,695.0,16.0,
Thomas,Hickey,8474066,27.2219178082,20152016,L,D,NYI,62,6,12,55,9,30,1044.2741,22.3064,
Andrew,MacDonald,8473584,29.6465753425,20152016,L,D,PHI,28,1,7,20,10,6,1207.1428,26.2142,
Joe,Thornton,8466138,36.8356164384,20152016,L,C,SJS,82,19,63,121,25,54,1101.7439,23.9268,
Korbinian,Holzer,8473560,28.202739726,20152016,R,D,ANA,29,0,3,17,-3,10,885.2413,18.862,
Rocco,Grimaldi,8476428,23.2191780822,20152016,R,C,FLA,20,3,2,29,-4,2,711.9,15.15,
Teuvo,Teravainen,8476882,21.6301369863,20152016,L,C,CHI,78,13,22,136,-2,20,920.6923,21.3846,
Joonas,Kemppainen,8478564,28.0630136986,20152016,L,C,BOS,44,2,3,35,-6,4,752.2727,18.4545,
Ryan,Callahan,8471339,31.1123287671,20152016,R,R,TBL,73,10,18,156,-5,45,1034.2739,21.4931,
Tommy,Wingels,8474739,28.0493150685,20152016,R,C,SJS,68,7,11,111,-10,63,818.0882,20.5588,
Kevin,Gravel,8475857,24.1479452055,20152016,L,D,LAK,5,0,0,2,0,0,700.6,17.6,
Matt,Puempel,8476477,23.2602739726,20152016,L,L,OTT,26,2,1,26,-3,9,680.2692,16.2692,
Justin,Faulk,8475753,24.1095890411,20152016,R,D,CAR,64,16,21,184,-22,27,1442.6718,28.5312,
Lucas,Lessio,8476451,23.2630136986,20152016,L,L,MTL,12,1,1,14,1,2,628.5,14.9166,
Deryk,Engelland,8468674,34.0794520548,20152016,R,D,CGY,69,3,9,71,7,54,913.884,21.4347,
Joe,Morrow,8476476,23.3863013699,20152016,L,D,BOS,33,1,6,44,-7,4,954.4848,21.1818,
Turner,Elson,8476505,23.6246575342,20152016,L,L,CGY,1,0,1,0,1,0,894.0,20.0,
Marko,Dano,8477448,21.4109589041,20152016,L,C,CHI|WPG,34,5,5,54,-7,10,735.0882,16.647,
Jordan,Weal,8475738,24.0383561644,20152016,R,C,LAK|PHI,14,0,0,4,1,2,561.6428,12.7142,
Milan,Lucic,8473473,27.895890411,20152016,L,L,LAK,81,20,35,124,26,79,1034.2222,21.1728,
Milan,Michalek,8470599,31.397260274,20152016,L,L,OTT|TOR,45,7,9,64,0,18,967.1111,20.8666,
Nikita,Nesterov,8476300,23.0876712329,20152016,L,D,TBL,57,3,6,57,-6,41,893.3684,18.4385,
Brendan,Leipsic,8476894,21.9452054795,20152016,L,L,TOR,6,1,2,11,-1,2,854.3333,21.0,
Martin,Marincin,8475716,24.1945205479,20152016,L,D,TOR,65,1,6,55,-3,34,1006.1538,22.5538,
Justin,Williams,8468508,34.5753424658,20152016,R,R,WSH,82,22,30,201,15,36,999.1707,20.7439,
Matt,Hunwick,8471436,30.9452054795,20152016,L,D,TOR,60,2,8,74,-17,32,1353.8166,30.1333,
Adam,Henrique,8474641,26.2273972603,20152016,L,C,NJD,80,30,20,149,10,23,1189.5875,25.35,
Ryan,McDonagh,8474151,26.8794520548,20152016,L,D,NYR,73,9,25,113,26,22,1341.1369,28.9726,
Nate,Schmidt,8477220,24.7890410959,20152016,L,D,WSH,72,2,14,80,12,16,1084.1805,23.4166,
Dennis,Everberg,8477902,24.3287671233,20152016,L,R,COL,15,0,0,9,-5,0,536.6,14.0,
Daniel,Sedin,8467875,35.597260274,20152016,L,L,VAN,82,28,33,258,7,36,1100.0243,23.4512,
Roman,Josi,8474600,25.9123287671,20152016,L,D,NSH,81,14,47,198,-3,43,1529.0493,29.8518,
Derek,Stepan,8474613,25.8657534247,20152016,R,C,NYR,72,22,31,192,5,20,1065.3194,24.4027,
Martin,Hanzal,8471691,29.1917808219,20152016,L,C,ARI,64,13,28,141,-5,77,1067.8437,23.0312,
Markus,Hannikainen,8478541,23.0931506849,20152016,L,L,CBJ,4,0,0,3,-2,0,428.75,12.0,
Adam,Larsson,8476457,23.4602739726,20152016,R,D,NJD,82,3,15,65,15,77,1350.5731,27.3536,
Tomas,Hertl,8476881,22.4602739726,20152016,L,C,SJS,81,21,25,202,16,26,958.3827,22.0246,
Phillip,Danault,8476479,23.1753424658,20152016,L,L,CHI|MTL,51,4,6,72,-5,14,765.4313,19.3333,
Matt,Stajan,8470162,32.3671232877,20152016,L,C,CGY,80,6,11,58,-4,52,761.85,19.55,
Taylor,Fedun,8476166,27.904109589,20152016,R,D,VAN,1,0,1,0,1,0,1128.0,23.0,
Brian,Campbell,8466285,36.9452054795,20152016,L,D,FLA,82,6,25,99,31,26,1336.6707,25.0243,
Dainius,Zubrus,8464977,37.8794520548,20152016,L,C,SJS,50,3,4,33,4,20,695.38,17.46,
Jonathan,Drouin,8477494,21.0876712329,20152016,L,L,TBL,21,4,6,25,1,4,866.5714,18.0476,
Jonathan,Toews,8473604,28.002739726,20152016,L,C,CHI,80,28,30,179,16,62,1154.875,25.4125,
Morgan,Rielly,8476853,22.1397260274,20152016,L,D,TOR,82,9,27,167,-17,28,1393.6219,30.4024,
Marcus,Kruger,8475323,25.9260273973,20152016,L,C,CHI,41,0,4,50,-5,24,811.2682,21.756,
Anze,Kopitar,8471685,28.6849315068,20152016,L,C,LAK,81,25,49,177,34,16,1252.0,25.1358,
Christian,Ehrhoff,8469555,33.8219178082,20152016,L,D,LAK|CHI,48,2,10,80,-11,34,929.0208,20.6041,
Cody,McLeod,8471657,31.8465753425,20152016,L,L,COL,82,8,5,73,1,138,632.3658,14.9878,
Andy,Greene,8472382,33.504109589,20152016,L,D,NJD,82,4,9,63,7,26,1377.1341,28.378,
Lauri,Korpikoski,8471232,29.7589041096,20152016,L,L,EDM,71,10,12,88,-17,10,835.8169,20.4366,
David,Backes,8470655,32.0,20152016,R,C,STL,79,21,24,168,4,83,1153.8101,27.5063,
David,Savard,8475233,25.5205479452,20152016,R,D,CBJ,65,4,21,122,-7,45,1390.3538,26.9692,
Ryan,Carter,8473646,32.7452054795,20152016,L,L,MIN,60,7,5,62,-3,48,668.45,16.15,
Artem,Anisimov,8473573,27.9342465753,20152016,L,C,CHI,77,20,22,121,8,12,1085.3376,23.4545,
Andrey,Pedan,8476388,22.8219178082,20152016,L,D,VAN,13,0,0,11,-3,18,657.1538,16.7692,
Jaccob,Slavin,8476958,21.9945205479,20152016,L,D,CAR,63,2,18,84,1,8,1259.2222,25.746,
Alexander,Wennberg,8477505,21.6,20152016,L,C,CBJ,69,8,32,97,-1,2,951.6376,20.913,
Andrew,Shaw,8476381,24.7780821918,20152016,R,R,CHI,78,14,20,153,11,69,879.0641,19.7564,
Hudson,Fasching,8477392,20.7534246575,20152016,R,R,BUF,7,1,1,9,2,4,691.2857,16.0,
Mats,Zuccarello,8475692,28.6630136986,20152016,L,R,NYR,81,26,35,166,2,34,1108.5925,23.4691,
Chris,Tierney,8476919,21.8273972603,20152016,L,C,SJS,79,7,13,96,-16,20,791.5316,19.6962,
Nikita,Soshnikov,8478373,22.5397260274,20152016,L,R,TOR,11,2,3,33,-4,6,937.2727,22.3636,
Valtteri,Filppula,8470047,32.1150684932,20152016,L,C,TBL,76,8,23,101,-6,46,1095.4078,22.3289,
Slater,Koekkoek,8476886,22.1917808219,20152016,L,D,TBL,9,0,1,11,-1,2,618.7777,15.5555,
Niklas,Hjalmarsson,8471769,28.901369863,20152016,L,D,CHI,81,2,22,77,13,32,1342.6913,30.753,
James,van Riemsdyk,8474037,26.9890410959,20152016,L,L,TOR,40,14,15,129,3,6,1065.775,25.35,
Andrew,Agozzino,8475461,25.3205479452,20152016,L,L,COL,9,0,2,3,-1,0,513.6666,12.0,
Nic,Dowd,8475343,25.9260273973,20152016,R,C,LAK,5,0,0,3,1,2,634.6,14.8,
Tanner,Kero,8478528,23.7643835616,20152016,L,C,CHI,17,1,2,26,-2,2,737.5882,18.8823,
Conor,Sheary,8477839,23.7287671233,20152016,L,L,PIT,44,7,3,51,-1,8,585.1818,13.7045,
Steve,Ott,8468505,33.701369863,20152016,L,C,STL,21,0,2,21,-3,34,655.0952,17.1904,
Kyle,Chipchura,8471231,30.1945205479,20152016,L,C,ARI,70,4,8,47,-10,38,614.0714,14.7142,
Ryan,Pulock,8477506,21.5616438356,20152016,R,D,NYI,15,2,2,15,1,5,943.7333,19.9333,
Tim,Jackman,8469490,34.4630136986,20152016,R,R,ANA,2,0,0,1,-2,4,344.0,9.0,
Brent,Seabrook,8470607,31.0301369863,20152016,R,D,CHI,81,14,35,167,6,32,1369.358,30.432,
Anthony,Peluso,8474061,27.0328767123,20152016,R,R,WPG,35,1,4,16,4,44,383.0571,9.4,
Blake,Wheeler,8471218,29.6657534247,20152016,R,R,WPG,82,26,52,256,8,49,1187.2439,25.6219,
Seth,Griffith,8476495,23.3150684932,20152016,R,C,BOS,4,0,1,2,-4,4,598.0,13.75,
Dan,Boyle,8467096,39.8082191781,20152016,R,D,NYR,74,10,14,95,0,30,1128.8648,25.3513,
Freddie,Hamilton,8475878,24.3260273973,20152016,R,C,CGY,4,1,1,7,1,0,762.0,21.0,
Nikolay,Goldobin,8477958,20.5589041096,20152016,L,L,SJS,9,1,1,7,1,0,671.1111,15.5555,
Andreas,Martinsen,8478561,25.8794520548,20152016,L,L,COL,55,4,7,52,-4,47,665.8363,15.0727,
Sonny,Milano,8477947,19.9616438356,20152016,L,L,CBJ,3,0,1,2,1,0,802.6666,17.3333,
R.J.,Umberger,8469469,33.997260274,20152016,L,C,PHI,39,2,9,48,1,15,609.5128,14.9487,
Rick,Nash,8470041,31.8739726027,20152016,L,L,NYR,60,15,21,183,8,30,1016.3666,25.3,
Sam,Reinhart,8477933,20.4767123288,20152016,R,C,BUF,79,23,19,165,-8,8,1010.1645,20.3164,
Mark,McNeill,8476471,23.1808219178,20152016,R,R,CHI,1,0,0,0,0,0,764.0,19.0,
P.K.,Subban,8474056,26.9643835616,20152016,R,D,MTL,68,6,45,176,4,75,1581.7352,28.2647,
Noah,Hanifin,8478396,19.2547945205,20152016,L,D,CAR,79,4,18,122,-14,22,1074.2405,22.3924,
Jack,Skille,8471681,28.9506849315,20152016,R,R,COL,74,8,6,106,-4,11,529.9459,12.9864,
Tanner,Glass,8470854,32.4219178082,20152016,L,L,NYR,57,4,3,49,-3,66,617.1578,16.2105,
Alex,Petrovic,8475755,24.1561643836,20152016,R,D,FLA,66,2,15,53,17,90,1017.3333,21.2121,
Ryan,Garbutt,8476116,30.7178082192,20152016,L,C,CHI|ANA,80,7,7,135,-11,48,650.1125,16.5625,
Dmitry,Orlov,8475200,24.7698630137,20152016,L,D,WSH,82,8,21,90,8,26,961.5853,20.7317,
Mike,Brown,8471371,30.8520547945,20152016,R,R,SJS|MTL,58,2,3,51,-5,90,468.431,12.4137,
Lee,Stempniak,8470740,33.2383561644,20152016,R,R,NJD|BOS,82,19,32,146,4,38,1076.6219,23.5,
Jordan,Oesterle,8477851,23.8438356164,20152016,L,D,EDM,17,0,5,24,1,0,1301.3529,27.0588,
Ben,Smith,8474727,27.802739726,20152016,R,R,SJS|TOR,22,2,4,17,2,0,725.5454,18.2272,
William,Nylander,8477939,19.9917808219,20152016,R,C,TOR,22,6,7,43,1,4,980.2727,21.4545,
Torey,Krug,8476792,25.0493150685,20152016,L,D,BOS,81,4,40,244,9,33,1296.8271,26.8271,
Claude,Giroux,8473512,28.298630137,20152016,R,C,PHI,78,22,45,241,-8,53,1232.782,27.2307,
Casey,Cizikas,8475231,25.1698630137,20152016,L,C,NYI,80,8,21,84,4,31,760.9125,19.6625,
Jordan,Caron,8475150,25.4904109589,20152016,L,R,STL,4,0,0,1,-3,0,487.5,12.75,
Jeff,Skinner,8475784,23.9534246575,20152016,L,L,CAR,82,28,23,258,-2,38,977.1829,20.8658,
Danny,DeKeyser,8477215,26.1479452055,20152016,L,D,DET,78,8,12,72,2,44,1308.2692,30.9871,
David,Jones,8470877,31.7232876712,20152016,R,R,CGY|MIN,75,11,7,84,-7,10,746.3466,19.0133,
Anthony,Mantha,8477511,21.6164383562,20152016,L,R,DET,10,2,1,18,-6,2,702.0,15.7,
Dougie,Hamilton,8476462,22.8657534247,20152016,R,D,CGY,82,12,31,190,-14,46,1186.0609,27.2926,
Dave,Bolland,8471245,29.904109589,20152016,R,C,FLA,25,1,4,26,-2,16,845.52,20.24,
Alexander,Burmistrov,8475788,24.5232876712,20152016,L,C,WPG,81,7,14,102,-11,32,970.358,21.6172,
Mikhail,Grigorenko,8476888,21.9534246575,20152016,L,C,COL,74,6,21,84,2,8,796.0,17.0,
Chris,Butler,8471761,29.5095890411,20152016,L,D,STL,5,0,0,4,-1,4,690.0,17.4,
Zach,Trotman,8475902,25.6767123288,20152016,R,D,BOS,38,2,5,60,3,22,1113.2368,25.0526,
Ryan,Dzingel,8476288,24.1397260274,20152016,L,L,OTT,30,3,6,23,4,11,647.8666,15.5666,
Jakub,Voracek,8474161,26.7068493151,20152016,L,R,PHI,73,11,44,213,-5,38,1115.1643,24.3698,
Corey,Perry,8470621,30.9589041096,20152016,R,R,ANA,82,34,28,215,2,68,1062.4634,22.1097,
Alexandre,Grenier,8476414,24.6493150685,20152016,R,R,VAN,6,0,0,9,-4,2,688.5,16.1666,
Mark,Pysyk,8475796,24.298630137,20152016,R,D,BUF,55,1,10,44,-1,32,954.1818,23.2181,
Jyrki,Jokipakka,8476279,24.6931506849,20152016,L,D,DAL|CGY,58,2,10,45,4,14,933.5344,21.4655,
Colton,Sceviour,8474098,27.0273972603,20152016,R,C,DAL,71,11,12,125,6,21,760.6619,19.0704,
Sergei,Plotnikov,8478928,25.9068493151,20152016,L,L,PIT|ARI,45,0,3,41,-3,24,592.7111,14.3555,
Marco,Scandella,8474618,26.1808219178,20152016,L,D,MIN,73,5,16,126,6,22,1242.0,27.3972,
Colton,Sissons,8476925,22.4794520548,20152016,R,C,NSH,34,4,2,25,5,12,597.5588,14.9117,
Colin,Greening,8471862,30.1452054795,20152016,L,C,OTT|TOR,31,7,8,58,-2,13,845.7741,18.6451,
Justin,Bailey,8477473,20.8273972603,20152016,R,R,BUF,8,0,0,22,-2,2,696.125,14.375,
Anton,Slepyshev,8477415,21.9616438356,20152016,R,L,EDM,11,0,1,5,-5,2,521.4545,12.5454,
Tomas,Plekanec,8469521,33.501369863,20152016,L,C,MTL,82,14,40,189,4,36,1111.9268,26.7926,
Brad,Richards,8467389,36.0,20152016,L,C,DET,68,10,18,164,4,8,887.6617,19.147,
Frederik,Gauthier,8477512,21.0082191781,20152016,L,C,TOR,7,0,1,3,-5,0,830.7142,20.2857,
Petter,Granberg,8475774,23.6712328767,20152016,R,D,NSH,27,0,2,12,1,13,823.1851,19.3703,
Matt,Moulson,8470852,32.498630137,20152016,L,L,BUF,81,8,13,111,-5,16,714.1851,15.9753,
Brady,Skjei,8476869,22.0931506849,20152016,L,D,NYR,7,0,0,6,1,4,1064.0,25.5714,
Chris,Kreider,8475184,25.0,20152016,L,L,NYR,79,21,22,158,10,58,957.4177,21.2278,
Vojtech,Mozik,8478584,23.3397260274,20152016,R,D,NJD,7,0,0,6,0,4,794.4285,19.4285,
Matt,Hendricks,8468611,34.8739726027,20152016,L,L,EDM,68,5,7,62,2,82,794.2647,19.2205,
Josh,Jooris,8477591,25.7945205479,20152016,R,C,CGY,59,4,9,80,-1,39,737.305,19.4745,
Seth,Helgeson,8475274,25.5589041096,20152016,L,D,NJD,19,0,1,9,-5,17,837.3684,20.1052,
Zack,Smith,8474250,28.0684931507,20152016,L,C,OTT,81,25,11,121,16,80,923.9876,20.6172,
Michael,Zalewski,8477816,23.695890411,20152016,L,L,VAN,3,0,1,2,1,2,711.3333,16.3333,
Christian,Thomas,8475749,23.9260273973,20152016,R,L,MTL|ARI,6,0,2,9,1,2,536.3333,14.0,
Oscar,Lindberg,8475715,24.501369863,20152016,L,C,NYR,68,13,15,114,12,43,730.6029,17.9705,
Scott,Laughton,8476872,21.9150684932,20152016,L,C,PHI,71,7,14,85,-2,34,626.0281,15.1408,
Anton,Lander,8475165,25.0164383562,20152016,L,C,EDM,61,1,2,54,-9,18,724.9344,18.4098,
Paul,Carey,8474008,27.597260274,20152016,L,C,WSH,4,1,0,5,0,0,598.25,12.25,
John,Carlson,8474590,26.301369863,20152016,R,D,WSH,56,8,31,124,16,14,1422.0892,28.4107,
Casey,Nelson,8479268,23.7808219178,20152016,R,D,BUF,7,0,4,5,1,8,889.2857,23.1428,
Nikolaj,Ehlers,8477940,20.202739726,20152016,L,R,WPG,72,15,23,167,3,21,966.0555,21.2638,
Oskar,Sundqvist,8476897,22.101369863,20152016,R,C,PIT,18,1,3,13,0,4,618.6666,14.3333,
Carlo,Colaiacovo,8469470,33.2602739726,20152016,L,D,BUF,36,1,4,29,-11,10,868.3611,21.2777,
Chris,Kunitz,8470543,36.6,20152016,L,L,PIT,80,17,23,150,29,41,1009.475,23.5,
Andreas,Athanasiou,8476960,21.7287671233,20152016,L,C,DET,37,9,5,53,1,5,541.054,14.0,
Kevin,Connauton,8475246,26.1808219178,20152016,L,D,CBJ|ARI,65,5,12,109,7,60,1004.2769,22.4615,
Matt,Duchene,8475168,25.2849315068,20152016,L,C,COL,76,30,29,200,-8,24,1115.4342,22.9736,
Linden,Vey,8475223,24.7863013699,20152016,R,R,VAN,41,4,11,40,-14,6,945.0975,20.3414,
Riley,Nash,8474062,26.9753424658,20152016,R,C,CAR,64,9,13,76,-5,18,777.375,17.9687,
Brandon,Sutter,8474091,27.2054794521,20152016,R,C,VAN,20,5,4,45,3,2,1078.6,24.2,
Leo,Komarov,8473463,29.2684931507,20152016,L,C,TOR,67,19,17,130,-12,40,1070.1044,26.7761,
Alex,Goligoski,8471274,30.7534246575,20152016,L,D,DAL,82,5,32,127,21,34,1430.0243,29.4634,
Kevin,Fiala,8477942,19.7671232877,20152016,L,L,NSH,5,1,0,11,0,0,789.2,17.2,
Brendan,Smith,8474090,27.2219178082,20152016,L,D,DET,63,3,12,82,1,62,1056.1904,25.1746,
David,Krejci,8471276,30.0082191781,20152016,R,C,BOS,72,17,46,143,4,32,1218.0555,24.1111,
Steven,Santini,8477463,21.1452054795,20152016,R,D,NJD,1,0,0,1,2,2,875.0,19.0,
Rasmus,Ristolainen,8477499,21.504109589,20152016,R,D,BUF,82,9,32,202,-21,33,1516.8414,31.378,
Marc,Methot,8470760,30.8602739726,20152016,L,D,OTT,69,5,7,74,12,34,1239.4927,25.5072,
Fedor,Tyutin,8469492,32.7863013699,20152016,L,D,CBJ,61,1,2,25,-6,28,1055.4098,23.0491,
T.J.,Oshie,8471698,29.3534246575,20152016,R,R,WSH,80,26,25,185,16,34,1137.8,23.225,
Shawn,Matthias,8473574,28.1945205479,20152016,L,C,TOR|COL,71,12,16,101,-17,20,810.7746,19.8873,
Chris,Higgins,8470274,32.9150684932,20152016,L,L,VAN,33,3,1,51,-14,4,826.6969,20.1818,
Buddy,Robinson,8477210,24.5808219178,20152016,R,R,OTT,3,1,1,5,2,4,516.0,14.0,
Tyson,Barrie,8475197,24.7616438356,20152016,R,D,COL,78,13,36,172,-16,31,1391.9743,27.5128,
Pascal,Dupuis,8466393,37.0712328767,20152016,L,R,PIT,18,2,2,28,-1,12,905.8333,21.8333,
Dave,Dziurzynski,8475661,26.5643835616,20152016,L,L,OTT,14,1,3,14,-4,9,604.6428,14.8571,
Luca,Sbisa,8474579,26.2465753425,20152016,L,D,VAN,41,2,6,29,5,26,1042.5121,23.9268,
Max,Domi,8477503,21.1589041096,20152016,L,L,ARI,81,18,34,156,3,72,982.4567,21.6172,
Miles,Wood,8477425,20.6246575342,20152016,L,L,NJD,1,0,0,2,0,0,786.0,16.0,
Cam,Atkinson,8474715,26.901369863,20152016,R,R,CBJ,81,27,26,226,-8,22,1067.8888,23.6296,
Daniel,Paille,8470230,32.0438356164,20152016,L,L,NYR,12,0,0,11,-2,0,684.5,17.25,
Dan,Hamhuis,8469465,33.3835616438,20152016,L,D,VAN,58,3,10,72,-2,28,1284.9137,28.2586,
Derek,Ryan,8478585,29.3369863014,20152016,R,C,CAR,6,2,0,5,1,2,732.1666,17.3333,
Andrej,Nestrasil,8475250,25.1835616438,20152016,L,C,CAR,55,9,14,105,4,8,861.0545,19.5454,
Jarome,Iginla,8462042,38.8383561644,20152016,R,R,COL,82,22,25,182,-22,41,951.6951,19.3536,
Zbynek,Michalek,8469760,33.3561643836,20152016,R,D,ARI,70,2,5,69,3,20,1020.9857,24.6571,
Joakim,Andersson,8474168,27.2301369863,20152016,L,C,DET,29,1,2,17,1,6,541.2068,13.6896,
Johnny,Boychuk,8470187,32.2821917808,20152016,R,D,NYI,70,9,16,165,17,31,1282.0142,24.7571,
Phil,Kessel,8473548,28.5780821918,20152016,R,R,PIT,82,26,33,274,9,18,1102.878,23.0,
Tanner,Pearson,8476871,23.7178082192,20152016,L,L,LAK,79,15,21,137,11,18,867.6329,20.5696,
Matt,Tennyson,8476807,26.0191780822,20152016,R,D,SJS,29,1,3,23,1,0,630.6206,15.3448,
Tom,Wilson,8476880,22.0849315068,20152016,R,R,WSH,82,7,16,99,3,163,774.7682,17.6829,
Greg,McKegg,8475735,23.8657534247,20152016,L,C,FLA,15,2,0,14,1,2,495.4666,12.2666,
Nick,Cousins,8476393,22.7753424658,20152016,L,C,PHI,36,6,5,41,5,4,643.8611,14.6944,
Taylor,Chorney,8471710,29.0109589041,20152016,L,D,WSH,55,1,5,28,8,21,791.4545,18.3272,
Sergey,Tolchinsky,8477566,21.2328767123,20152016,L,L,CAR,2,0,1,1,1,0,707.5,19.0,
Scott,Wilson,8476293,24.0136986301,20152016,L,L,PIT,24,5,1,39,0,12,641.125,14.6666,
Marc-Edouard,Vlasic,8471709,29.0876712329,20152016,L,D,SJS,67,8,31,116,15,48,1387.791,27.1791,
Byron,Froese,8475278,25.1342465753,20152016,R,C,TOR,56,2,3,64,-11,16,757.5714,19.8571,
Mike,Richards,8470617,31.2164383562,20152016,L,C,WSH,39,2,3,46,-2,8,730.5128,17.3846,
Philip,Samuelsson,8475194,24.7616438356,20152016,L,D,ARI,4,0,0,5,0,2,953.25,23.25,
Michael,Latta,8475247,24.9315068493,20152016,R,C,WSH,43,3,4,29,0,50,485.1395,11.3255,
Beau,Bennett,8475761,24.4219178082,20152016,R,R,PIT,33,6,6,52,-1,10,713.7272,17.3939,
Chris,Terry,8474052,27.0630136986,20152016,L,L,CAR,68,8,3,78,-12,16,676.4852,16.0147,
Dennis,Wideman,8469770,33.1178082192,20152016,R,D,CGY,51,2,17,75,-9,30,1236.9019,26.7254,
Tyler,Ennis,8474589,26.5643835616,20152016,L,C,BUF,23,3,8,57,-9,11,1084.0869,20.9565,
Chris,Neil,8467493,36.8739726027,20152016,R,R,OTT,80,5,8,70,-3,165,557.8875,13.425,
Michael,Sgarbossa,8475958,23.7616438356,20152016,L,C,ANA,1,0,0,0,0,0,501.0,13.0,
Loui,Eriksson,8470626,30.7890410959,20152016,L,R,BOS,82,30,33,184,13,12,1168.9024,23.6097,
Rich,Clune,8471733,29.0164383562,20152016,L,L,TOR,19,0,4,10,1,22,485.6315,13.4736,
Brandon,Saad,8476438,23.504109589,20152016,L,L,CBJ,78,31,22,233,1,14,1033.1025,22.5897,
Erik,Gustafsson,8476979,24.1260273973,20152016,L,D,CHI,41,0,14,58,11,4,926.9756,21.0731,
Marc-Andre,Gragnani,8471752,29.1397260274,20152016,L,D,NJD,4,0,0,0,-2,2,861.75,20.5,
Tim,Schaller,8477213,25.4520547945,20152016,L,C,BUF,17,1,2,18,3,2,499.4117,13.2941,
Anders,Lee,8475314,25.8246575342,20152016,L,L,NYI,80,15,21,183,-2,51,874.5875,18.7375,
Scott,Harrington,8476449,23.1369863014,20152016,L,D,TOR,15,0,1,9,0,4,785.6666,20.1333,
Tuomo,Ruutu,8469462,33.2054794521,20152016,L,L,NJD,33,0,1,34,-7,8,690.2727,15.2424,
Zach,Hyman,8475786,23.8876712329,20152016,R,C,TOR,16,4,2,37,0,18,941.1875,22.5,
Mattias,Janmark,8477406,23.3890410959,20152016,L,C,DAL,73,15,14,108,12,16,850.3698,19.6849,
Andrew,Campbell,8474638,28.2356164384,20152016,L,D,TOR,6,0,1,1,0,2,695.0,20.1666,
Matt,Cullen,8464989,39.498630137,20152016,L,C,PIT,82,16,16,118,5,20,832.817,21.4268,
Esa,Lindell,8476902,21.9342465753,20152016,L,D,DAL,4,0,0,2,-3,0,842.75,18.75,
Alec,Martinez,8474166,28.7643835616,20152016,L,D,LAK,78,10,21,124,16,40,1269.0384,29.2051,
Derek,Grant,8474683,26.0273972603,20152016,L,C,CGY,15,0,1,22,-7,2,652.7333,17.9333,
Jonathan,Huberdeau,8476456,22.901369863,20152016,L,L,FLA,76,20,39,174,17,43,1088.6184,21.5657,
Richard,Panik,8475209,25.2246575342,20152016,L,L,CHI,30,6,2,39,4,6,650.0333,15.3666,
Paul,Thompson,8476200,27.4136986301,20152016,R,R,NJD,3,0,0,3,0,2,751.6666,17.6666,
JC,Lipon,8477076,22.802739726,20152016,R,R,WPG,9,0,1,4,0,5,418.0,10.0,
Joe,Pavelski,8470794,31.8054794521,20152016,R,C,SJS,82,38,40,224,25,30,1188.9512,25.2073,
Scott,Gomez,8467351,36.3589041096,20152016,L,C,STL|OTT,34,1,8,20,-7,6,680.2352,16.5882,
Nick,Foligno,8473422,28.498630137,20152016,L,L,CBJ,72,12,25,149,-14,53,1013.5,21.1527,
Austin,Watson,8475766,24.2931506849,20152016,R,L,NSH,57,3,7,55,-4,32,600.1578,15.3333,
Lance,Bouma,8474642,26.098630137,20152016,L,C,CGY,44,2,5,49,-6,31,722.1363,18.8863,
Tomas,Tatar,8475193,25.4109589041,20152016,L,L,DET,81,21,24,165,4,24,861.074,19.7654,
Patrick,Marleau,8466139,36.6301369863,20152016,L,L,SJS,82,25,23,216,-22,10,1141.7073,24.4268,
Nathan,Beaulieu,8476470,23.397260274,20152016,L,D,MTL,64,2,17,74,-6,55,1047.4218,22.0156,
Rickard,Rakell,8476483,22.9835616438,20152016,R,C,ANA,72,20,23,169,-1,19,964.3194,20.5416,
Johan,Franzen,8471309,36.3589041096,20152016,L,R,DET,2,0,1,3,0,2,777.0,18.5,
Bryan,Rust,8475810,23.9671232877,20152016,R,R,PIT,41,4,7,68,1,12,749.8536,18.6585,
Matt,Read,8476177,29.8794520548,20152016,R,R,PHI,79,11,15,127,-5,27,915.1898,21.0506,
Victor,Bartley,8473658,28.2,20152016,L,D,NSH|MTL,10,0,0,8,2,6,799.1,17.3,
Miikka,Salomaki,8476447,23.1397260274,20152016,L,R,NSH,61,5,5,61,-1,28,720.0491,17.5737,
Brett,Ritchie,8476439,22.8273972603,20152016,R,R,DAL,8,0,1,15,-3,7,696.125,17.0,
Anthony,Duclair,8477407,20.6739726027,20152016,L,L,ARI,81,20,24,105,12,49,862.7654,19.7283,
Brad,Malone,8474089,26.9452054795,20152016,L,C,CAR,57,2,4,31,-11,75,572.9649,14.5438,
Valeri,Nichushkin,8477501,21.1534246575,20152016,L,R,DAL,79,9,20,139,2,12,835.8987,19.1265,
Jason,Dickinson,8477450,20.8191780822,20152016,L,C,DAL,1,1,0,2,1,0,715.0,17.0,
Nikita,Nikitin,8471348,29.8739726027,20152016,L,D,EDM,11,0,1,12,-5,8,888.1818,20.4545,
Luke,Witkowski,8474722,26.0438356164,20152016,R,D,TBL,4,0,0,1,0,4,427.75,10.0,
David,Legwand,8467330,35.7068493151,20152016,L,C,BUF,79,5,9,61,-4,14,582.3164,14.3417,
Zach,Bogosian,8474567,25.7917808219,20152016,R,D,BUF,64,7,17,121,-11,68,1340.8593,28.1875,
Chad,Ruhwedel,8477244,25.9808219178,20152016,R,D,BUF,1,0,0,1,0,2,930.0,23.0,
Jake,Muzzin,8474162,27.1863013699,20152016,L,D,LAK,82,8,32,203,7,64,1383.6585,30.5731,
Torrey,Mitchell,8471338,31.2493150685,20152016,R,C,MTL,71,11,8,69,2,51,761.1408,20.6056,
Taylor,Beck,8475192,24.9643835616,20152016,R,L,NYI,2,0,0,0,0,2,509.0,12.0,
Dominik,Simon,8478866,21.7232876712,20152016,L,C,PIT,3,0,1,2,0,0,364.3333,9.3333,
Adam,Cracknell,8471490,30.7945205479,20152016,R,R,VAN|EDM,52,5,5,68,-1,20,733.8653,17.0961,
Brendan,Gallagher,8475848,23.9808219178,20152016,R,R,MTL,53,19,21,173,13,24,994.566,23.415,
Mike,Reilly,8476422,22.7945205479,20152016,L,D,MIN,29,1,6,27,-4,8,724.9655,16.7931,
Alex,Khokhlachev,8476435,22.6356164384,20152016,L,C,BOS,5,0,0,4,-2,0,615.2,15.8,
Shane,Prince,8476386,23.4493150685,20152016,L,C,OTT|NYI,62,6,11,88,5,10,673.8064,14.9677,
Joel,Vermin,8477326,24.2301369863,20152016,L,R,TBL,6,0,1,1,1,0,548.3333,11.8333,
Nick,Leddy,8475181,25.1123287671,20152016,L,D,NYI,81,5,35,121,-9,25,1357.1481,24.4567,
John,Ramage,8475829,25.2246575342,20152016,R,D,CBJ,1,0,0,0,-2,0,849.0,18.0,
Jamie,Benn,8473994,26.7835616438,20152016,L,L,DAL,82,41,48,247,7,64,1201.317,26.7195,
Kevin,Porter,8471331,30.1369863014,20152016,L,C,PIT,41,0,3,34,-2,0,679.1463,16.2439,
Viktor,Arvidsson,8478042,23.0575342466,20152016,R,L,NSH,56,8,8,139,-8,35,744.0714,16.9642,
Aaron,Ekblad,8477932,20.2219178082,20152016,R,D,FLA,78,15,21,182,18,41,1300.6282,24.0769,
Rob,Klinkhammer,8473970,29.7178082192,20152016,L,L,EDM,14,1,0,10,-6,6,564.7142,13.5714,
Ben,Lovejoy,8473933,32.1945205479,20152016,R,D,PIT,66,4,6,90,9,30,1132.0151,26.6818,
Alex,Pietrangelo,8474565,26.2794520548,20152016,R,D,STL,73,7,30,182,10,20,1578.2876,30.9178,
Gustav,Nyquist,8474679,26.6602739726,20152016,L,R,DET,82,17,26,161,-2,34,910.2195,20.0487,
Thomas,Vanek,8470598,32.2821917808,20152016,R,L,MIN,74,18,23,146,-10,22,936.6486,19.3783,
Derek,MacKenzie,8468001,34.8904109589,20152016,L,C,FLA,64,6,7,79,7,36,789.0937,19.1406,
Michael,Mersch,8476352,23.5726027397,20152016,L,L,LAK,17,1,2,23,1,0,622.8235,15.2941,
Alexander,Steen,8470257,32.1671232877,20152016,L,L,STL,67,17,35,172,3,48,1222.2686,29.1044,
Mikko,Rantanen,8478420,19.495890411,20152016,L,R,COL,9,0,0,9,-7,2,537.4444,12.7777,
Jiri,Hudler,8470201,32.3232876712,20152016,L,R,CGY|FLA,72,16,30,109,-1,27,945.5555,22.1944,
Dmitrij,Jaskin,8476436,23.101369863,20152016,L,R,STL,65,4,9,92,3,26,711.5538,16.923,
Trevor,van Riemsdyk,8477845,24.7671232877,20152016,R,D,CHI,82,3,11,85,-5,31,1199.0243,27.878,
Alan,Quine,8476409,23.1726027397,20152016,L,C,NYI,2,1,0,5,0,0,1065.5,22.5,
Bo,Horvat,8477500,21.0657534247,20152016,L,C,VAN,82,16,24,155,-30,18,1027.939,24.5609,
Vincent,Hinostroza,8476994,22.0712328767,20152016,R,C,CHI,7,0,0,6,-1,6,521.4285,13.0,
Nathan,Gerbe,8471804,28.7698630137,20152016,L,L,CAR,47,3,4,73,-15,14,807.5957,18.7021,
Zdeno,Chara,8465009,39.1260273973,20152016,L,D,BOS,80,9,28,158,12,71,1445.8125,29.25,
Mike,Sislo,8476209,28.2767123288,20152016,R,R,NJD,18,3,1,29,-2,4,745.5,16.6666,
Mark,Giordano,8470966,32.5780821918,20152016,L,D,CGY,82,21,35,212,-5,54,1487.5731,30.4512,
Brendan,Gaunce,8476867,22.095890411,20152016,L,C,VAN,20,1,0,34,-9,2,765.5,17.8,
Ron,Hainsey,8468493,35.1068493151,20152016,L,D,CAR,81,5,14,131,-13,37,1339.4814,27.8271,
Jamie,McBain,8473571,28.1780821918,20152016,R,D,LAK,44,2,7,32,2,6,734.1818,17.4545,
Jake,McCabe,8476931,22.5452054795,20152016,L,D,BUF,77,4,10,62,6,51,1147.0519,26.2207,
Sam,Gagner,8474040,26.7205479452,20152016,R,C,PHI,53,8,8,86,4,25,831.6415,18.3773,
Matt,Bartkowski,8474749,27.904109589,20152016,L,D,VAN,80,6,12,85,-19,50,1117.15,25.4125,
Paul,Postma,8474074,27.1835616438,20152016,R,D,WPG,26,2,0,24,-3,4,687.1538,15.5384,
Barret,Jackman,8467890,35.1589041096,20152016,L,D,NSH,73,1,4,64,1,76,831.4383,18.3835,
Jake,Virtanen,8477937,19.695890411,20152016,R,R,VAN,55,7,6,94,-7,45,693.8363,17.0181,
Joe,Colborne,8474577,26.2465753425,20152016,L,C,CGY,73,19,25,100,-9,27,909.9315,21.5068,
Michael,Cammalleri,8469500,33.898630137,20152016,L,L,NJD,42,14,24,101,15,18,1156.738,23.5,
Kurtis,Gabriel,8476545,23.0246575342,20152016,R,R,MIN,3,0,0,1,1,10,269.6666,6.6666,
Tyler,Gaudet,8477715,23.0684931507,20152016,L,C,ARI,14,1,2,6,-2,0,636.0,13.7142,
Shane,Doan,8462038,39.5616438356,20152016,R,R,ARI,72,28,19,170,4,98,1055.7083,22.0833,
Jordie,Benn,8474818,28.7643835616,20152016,L,D,DAL,64,3,9,58,2,21,939.1718,22.7031,
Chris,Bigras,8477453,21.1808219178,20152016,L,D,COL,31,1,2,21,-2,16,800.5161,18.6774,
David,Clarkson,8470920,32.0849315068,20152016,R,R,CBJ,23,2,2,24,-8,23,553.0434,13.1304,
Pavel,Datsyuk,8467514,37.7863013699,20152016,L,C,DET,66,16,33,181,7,14,1179.303,23.9696,
Daniel,Sprong,8478466,19.1150684932,20152016,R,R,PIT,18,2,0,23,-1,0,523.5,12.2777,
Taylor,Hall,8475791,24.4575342466,20152016,L,L,EDM,82,26,39,286,-4,54,1152.256,23.9146,
Patrik,Berglund,8473534,27.9095890411,20152016,L,C,STL,42,10,5,80,1,16,929.3333,23.4047,
Dmitry,Kulikov,8475179,25.501369863,20152016,L,D,FLA,74,1,16,99,8,51,1262.0675,24.4324,
Patrick,Maroon,8474034,28.0191780822,20152016,L,L,ANA|EDM,72,12,15,104,-7,88,740.3055,16.5277,
Colin,Wilson,8474569,26.5260273973,20152016,L,L,NSH,64,6,18,108,-1,14,867.3906,19.6562,
Brandon,Tanev,8479293,24.3287671233,20152016,L,L,WPG,3,0,0,4,0,2,722.6666,18.6666,
Joonas,Donskoi,8475820,24.0438356164,20152016,R,R,SJS,76,11,25,107,4,20,849.1973,20.0657,
Sven,Andrighetto,8477413,23.1068493151,20152016,L,R,MTL,44,7,10,74,1,6,847.0681,19.8636,
Charles,Hudon,8476948,21.8493150685,20152016,L,L,MTL,3,0,2,3,2,0,641.6666,15.3333,
Radim,Vrbata,8468085,34.8849315068,20152016,R,R,VAN,63,13,14,199,-30,12,962.8095,21.7777,
Kasperi,Kapanen,8477953,19.7643835616,20152016,R,R,TOR,9,0,0,14,-3,2,886.7777,19.3333,
Leon,Draisaitl,8477934,20.504109589,20152016,L,C,EDM,72,19,32,133,-2,20,1083.5277,23.0,
Jiri,Tlusty,8473482,28.1232876712,20152016,L,L,NJD,30,2,2,38,-1,6,822.7,18.5,
Ronalds,Kenins,8477589,25.1671232877,20152016,L,L,VAN,8,0,0,6,-1,6,684.625,16.0,
Brian,Strait,8473565,28.3205479452,20152016,L,D,NYI,52,1,5,43,1,31,926.2307,19.9807,
Jean-Gabriel,Pageau,8476419,23.4630136986,20152016,R,C,OTT,82,19,24,133,17,26,1002.1341,23.0731,
Mason,Raymond,8471664,30.6191780822,20152016,L,L,CGY,29,4,1,53,-3,8,740.4827,18.1379,
Brad,Marchand,8473419,27.9698630137,20152016,L,L,BOS,77,37,24,250,21,90,1116.0129,25.1168,
Nic,Petan,8477464,21.104109589,20152016,L,L,WPG,26,2,4,25,2,10,704.8461,15.1538,
Jordan,Staal,8473533,27.6356164384,20152016,L,C,CAR,82,20,28,151,6,34,1098.0365,25.6585,
Dan,Girardi,8471958,32.0054794521,20152016,R,D,NYR,74,2,15,77,18,20,1219.2432,28.081,
Shea,Theodore,8477447,20.7369863014,20152016,L,D,ANA,19,3,5,28,7,2,1146.5263,23.7894,
Mark,Borowiecki,8474697,26.8,20152016,L,D,OTT,63,1,1,27,-4,107,877.619,20.8412,
Colton,Parayko,8476892,22.9643835616,20152016,R,D,STL,79,9,24,165,28,29,1163.2151,26.367,
Patrick,Wiercioch,8474605,25.6301369863,20152016,L,D,OTT,52,0,5,56,2,24,1040.4423,21.5192,
Derrick,Pouliot,8476884,22.2821917808,20152016,L,D,PIT,22,0,7,25,4,2,927.1818,21.1818,
Brian,Gionta,8467407,37.2876712329,20152016,R,R,BUF,79,12,21,169,-5,12,1063.9493,22.5063,
Joel,Hanley,8477810,24.8931506849,20152016,L,D,MTL,10,0,6,10,0,0,959.9,21.6,
Marian,Gaborik,8468483,34.2109589041,20152016,L,R,LAK,54,12,10,142,-6,20,896.6666,19.4074,
Tom,Sestito,8473542,28.5890410959,20152016,L,L,PIT,4,0,1,1,1,19,347.75,8.5,
Justin,Fontaine,8476235,28.4821917808,20152016,R,R,MIN,60,5,11,54,3,20,711.3333,17.05,
Travis,Moen,8468635,34.0712328767,20152016,L,L,DAL,23,0,2,12,-3,21,491.5217,12.6956,
Wayne,Simmonds,8474190,27.6767123288,20152016,R,R,PHI,81,32,28,229,-7,147,1034.0493,22.6049,
Bud,Holloway,8473431,28.1643835616,20152016,R,C,MTL,1,0,0,1,0,0,439.0,10.0,
Brandon,Mashinter,8474850,27.6082191781,20152016,L,L,CHI,41,4,1,25,-7,23,449.5365,12.4146,
Steve,Bernier,8470609,31.0849315068,20152016,R,R,NYI,24,1,5,27,3,9,673.6666,16.625,
Vernon,Fiddler,8469759,35.9808219178,20152016,L,C,DAL,82,12,10,98,5,31,698.4146,18.378,
Shawn,Horcoff,8467423,37.6246575342,20152016,L,C,ANA,59,6,9,73,1,34,797.2203,19.8305,
Michael,Raffl,8477290,27.4109589041,20152016,L,L,PHI,82,13,18,132,9,30,857.9634,19.9756,
Jim,O'Brien,8474024,27.2493150685,20152016,R,C,NJD,4,0,0,3,-4,2,811.0,19.0,
Dylan,Olsen,8475153,25.3205479452,20152016,L,D,FLA,8,0,1,9,-1,2,825.125,17.625,
Matt,Nieto,8476442,23.4794520548,20152016,L,L,SJS,67,8,9,90,-8,10,789.5671,20.1044,
Gabriel,Bourque,8475268,25.6,20152016,L,R,NSH,22,1,3,25,0,18,741.8636,17.7272,
Derick,Brassard,8473544,28.6054794521,20152016,L,C,NYR,80,27,31,182,12,30,1073.1125,23.4375,
Mike,Angelidis,8471916,30.8438356164,20152016,L,L,TBL,4,1,0,1,2,5,540.0,12.75,
Joel,Edmundson,8476441,22.8356164384,20152016,L,D,STL,67,1,8,90,0,63,895.7611,21.4029,
Kyle,Palmieri,8475151,25.2410958904,20152016,R,R,NJD,82,30,27,222,3,39,1068.2926,22.2926,
Jason,Pominville,8469506,33.4191780822,20152016,R,R,MIN,75,11,25,187,10,12,981.8266,20.7866,
J.T.,Brown,8476806,25.8273972603,20152016,R,R,TBL,78,8,14,140,16,59,801.6794,17.7564,
Phil,Varone,8475321,25.402739726,20152016,L,C,BUF|OTT,6,1,2,2,2,2,510.5,13.3333,
Aleksander,Barkov,8477493,20.6547945205,20152016,L,C,FLA,66,28,31,171,18,8,1165.803,22.9848,
Fredrik,Claesson,8476368,23.4273972603,20152016,L,D,OTT,16,0,2,15,-6,2,1157.375,22.75,
Paul,Byron,8474038,27.0082191781,20152016,L,L,MTL,62,11,7,50,-9,11,825.5161,22.0806,
Patrice,Bergeron,8470638,30.7698630137,20152016,R,C,BOS,80,32,36,282,12,49,1190.0875,26.0,
Garnet,Hathaway,8477903,24.4328767123,20152016,R,R,CGY,14,0,3,11,-1,31,721.0714,18.7142,
Daniel,Winnik,8471476,31.1534246575,20152016,L,L,TOR|WSH,76,6,13,101,4,38,822.9473,19.7368,
Mike,Fisher,8467370,35.9068493151,20152016,R,C,NSH,70,13,10,98,-14,29,1029.7857,23.6857,
Keith,Yandle,8471735,29.6410958904,20152016,L,D,NYR,82,5,42,160,-4,40,1197.7195,26.256,
David,Warsofsky,8474660,25.9178082192,20152016,L,D,PIT|NJD,22,1,1,40,-9,2,1027.409,23.1818,
Matt,Greene,8470121,32.9698630137,20152016,R,D,LAK,3,0,0,3,0,8,705.0,19.3333,
Sergey,Kalinin,8478566,25.1205479452,20152016,L,C,NJD,78,8,7,70,-9,33,799.5641,17.6153,
Alex,Ovechkin,8471214,30.6191780822,20152016,R,L,WSH,79,50,21,398,21,53,1218.5063,21.6962,
Cody,Hodgson,8474570,26.1945205479,20152016,R,C,NSH,39,3,5,65,2,6,643.9743,15.2564,
Kyle,Okposo,8473449,28.0383561644,20152016,R,R,NYI,79,22,42,202,-4,51,1092.3417,21.6202,
Chandler,Stephenson,8476905,22.0191780822,20152016,L,C,WSH,9,0,0,2,-3,2,471.4444,10.6666,
Chris,VandeVelde,8471762,29.1287671233,20152016,L,C,PHI,79,2,12,77,-7,27,813.1139,19.443,
Bobby,Ryan,8471676,29.1232876712,20152016,R,R,OTT,81,22,34,183,-9,28,1030.4938,21.7283,
Steven,Stamkos,8474564,26.2246575342,20152016,R,C,TBL,77,36,28,216,3,38,1185.2727,22.5454,
Gabriel,Landeskog,8476455,23.4301369863,20152016,L,L,COL,75,20,33,169,-5,69,1135.5466,23.7866,
Darren,Helm,8471794,29.2739726027,20152016,L,C,DET,77,13,13,165,-2,32,904.0909,21.6103,
Nick,Ritchie,8477941,20.397260274,20152016,L,L,ANA,33,2,2,55,-2,37,705.7272,15.9696,
Blake,Pietila,8476370,23.1863013699,20152016,L,L,NJD,7,1,1,10,0,2,722.0,16.8571,
Matt,Halischuk,8474094,27.9123287671,20152016,R,R,WPG,30,0,3,39,1,4,567.1333,14.4,
Brad,Boyes,8468504,34.0410958904,20152016,R,R,TOR,60,8,16,85,-6,12,718.2166,17.4666,
Micheal,Ferland,8475907,24.0246575342,20152016,L,L,CGY,71,4,14,122,-15,45,756.7605,20.1267,
Brad,Richardson,8470755,31.2356164384,20152016,L,R,ARI,82,11,20,117,8,46,937.2926,21.2439,
Christian,Folin,8477850,25.2191780822,20152016,R,D,MIN,26,0,4,14,-1,11,874.8076,20.3461,
Ryan,Johansen,8475793,23.7452054795,20152016,R,C,CBJ|NSH,80,14,46,185,6,61,1053.7625,21.8125,
Niklas,Kronwall,8468509,35.301369863,20152016,L,D,DET,64,3,23,61,-21,30,1320.5625,29.375,
Brock,McGinn,8476934,22.2356164384,20152016,L,L,CAR,21,3,1,25,-14,10,671.0476,15.9047,
Tommy,Cross,8474019,26.6301369863,20152016,L,D,BOS,3,0,1,0,-1,0,785.3333,17.6666,
Kevin,Hayes,8475763,23.9753424658,20152016,L,R,NYR,79,14,22,133,4,30,819.7721,18.8734,
Mikhail,Grabovski,8471362,32.2493150685,20152016,L,C,NYI,58,9,16,83,3,33,846.1896,18.5689,
Eric,Selleck,8474554,28.5287671233,20152016,L,L,ARI,1,0,0,1,0,5,573.0,17.0,
Toby,Enstrom,8470828,31.4849315068,20152016,L,D,WPG,72,2,14,50,8,44,1251.2638,26.4444,
Ryan,Murphy,8476465,23.0794520548,20152016,R,D,CAR,35,0,10,47,-1,10,1035.2,21.4571,
Dean,Kukan,8478567,22.8082191781,20152016,L,D,CBJ,8,0,0,3,9,0,1041.25,21.375,
Tomas,Fleischmann,8470039,31.9589041096,20152016,L,L,MTL|CHI,76,14,11,123,-8,32,912.8157,22.3157,
Braydon,Coburn,8470601,31.1726027397,20152016,L,D,TBL,80,1,9,92,12,53,1005.1375,21.5625,
John,Moore,8475186,25.4438356164,20152016,L,D,NJD,73,4,15,106,-12,28,1190.2876,26.2739,
Dennis,Rasmussen,8477929,25.8246575342,20152016,L,C,CHI,44,4,5,42,9,4,549.8181,13.6363,
Marek,Zidlicky,8469623,39.2438356164,20152016,R,D,NYI,53,4,12,48,5,20,935.0,19.6792,
Kyle,Quincey,8470724,30.7178082192,20152016,L,D,DET,47,4,7,62,1,36,1185.8085,28.5957,
Jeff,Schultz,8471240,30.1780821918,20152016,L,D,LAK,1,0,0,1,-1,0,1095.0,26.0,
Bryan,Little,8473412,28.4657534247,20152016,R,C,WPG,57,17,25,127,-13,12,1175.7894,26.3157,
Nathan,MacKinnon,8477492,20.6575342466,20152016,R,C,COL,72,21,31,245,-4,20,1131.9583,23.5555,
Ryan,Suter,8470600,31.2739726027,20152016,L,D,MIN,82,8,43,188,10,30,1715.5731,31.6097,
Riley,Sheahan,8475772,24.3945205479,20152016,L,C,DET,81,14,11,128,-8,12,913.8518,22.2222,
Charlie,Coyle,8475745,24.1589041096,20152016,R,C,MIN,82,21,21,140,1,16,1038.439,21.5,
Drew,Doughty,8474563,26.3917808219,20152016,R,D,LAK,82,14,37,197,24,52,1681.0731,33.2926,
Daniel,Carr,8477901,24.4931506849,20152016,L,L,MTL,23,6,3,39,0,8,724.3913,18.1304,
Brandon,Manning,8475430,25.904109589,20152016,L,D,PHI,56,1,6,67,2,66,991.6607,23.2142,
Ryan,Ellis,8475176,25.3205479452,20152016,R,D,NSH,79,10,22,152,13,35,1253.9113,25.6202,
Brenden,Dillon,8475455,25.4602739726,20152016,L,D,SJS,76,2,9,93,8,61,1001.2763,21.2894,
Matt,Dumba,8476856,21.7616438356,20152016,R,D,MIN,81,10,16,152,1,38,1010.432,21.6666,
Tyler,Myers,8474574,26.2410958904,20152016,R,D,WPG,73,9,18,140,6,72,1357.0958,27.1095,
Craig,Cunningham,8475414,25.6273972603,20152016,R,L,ARI,10,0,1,13,-1,2,605.0,14.0,
Jon,Merrill,8475750,24.2356164384,20152016,L,D,NJD,47,1,4,30,-15,28,1013.7872,22.7021,
Steven,Kampfer,8474000,27.597260274,20152016,R,D,FLA,47,0,4,54,5,26,905.6595,18.8723,
Mike,Ribeiro,8467371,36.2246575342,20152016,L,C,NSH,81,7,43,76,11,62,1046.9753,21.2962,
Michal,Jordan,8474661,25.7863013699,20152016,L,D,CAR,36,1,0,36,-5,12,910.2222,20.5277,
Erik,Johnson,8473446,28.1095890411,20152016,R,D,COL,73,11,16,175,-19,50,1406.5479,28.7945,
Brooks,Orpik,8468498,35.597260274,20152016,L,D,WSH,41,3,7,31,11,24,1188.6341,25.4878,
Connor,Brickley,8475736,24.1753424658,20152016,L,C,FLA,23,1,4,13,1,14,523.5217,11.826,
Michael,Del Zotto,8474584,25.8493150685,20152016,L,D,PHI,52,4,9,98,-8,16,1404.7692,29.0576,
Corey,Potter,8470714,32.3205479452,20152016,R,D,NSH,1,0,0,0,0,0,884.0,19.0,
Vincent,Lecavalier,8467329,36.0301369863,20152016,L,C,PHI|LAK,49,10,8,67,0,22,794.4081,18.9591,
Jay,McClement,8469508,33.1671232877,20152016,L,C,CAR,77,3,8,64,-17,24,696.2207,17.1298,
Cal,O'Reilly,8471811,29.5835616438,20152016,L,C,BUF,20,3,4,10,-1,2,670.8,14.4,
Curtis,McKenzie,8475310,25.1835616438,20152016,L,L,DAL,3,0,0,3,-1,0,528.0,12.6666,
Chris,Stewart,8473485,28.501369863,20152016,R,R,ANA,56,8,12,78,2,73,647.6964,14.7678,
Drew,Stafford,8471226,30.501369863,20152016,R,R,WPG,78,21,17,187,-23,28,1072.3846,23.2179,
Alex,Tanguay,8467338,36.4465753425,20152016,L,L,COL|ARI,70,8,27,71,8,32,947.4285,20.4571,
Jason,Spezza,8469455,32.8849315068,20152016,R,C,DAL,75,33,30,202,4,22,991.2,21.8,
Michael,Matheson,8476875,22.1671232877,20152016,L,D,FLA,3,0,0,4,1,2,1052.0,21.0,
Mark,Streit,8468309,38.3917808219,20152016,L,D,PHI,62,6,17,110,-1,18,1312.4677,28.387,
Ryan,Hartman,8477451,21.6054794521,20152016,R,R,CHI,3,0,1,3,-1,0,554.3333,14.3333,
Alex,Friesen,8475836,25.2465753425,20152016,L,C,VAN,1,0,0,1,-2,0,703.0,17.0,
Patrik,Elias,8460542,40.0547945205,20152016,L,C,NJD,16,2,6,21,5,10,926.1875,21.25,
Noel,Acciari,8478569,24.4109589041,20152016,R,C,BOS,19,0,1,18,-4,8,593.5263,14.6315,
Jujhar,Khaira,8476915,21.7095890411,20152016,L,L,EDM,15,0,2,14,-2,13,621.2666,15.2666,
Dwight,King,8474100,26.8191780822,20152016,L,L,LAK,47,7,6,48,-6,24,866.234,19.6382,
Andy,Andreoff,8476404,24.9534246575,20152016,L,L,LAK,60,8,2,46,1,76,527.5833,13.1833,
Dion,Phaneuf,8470602,31.0575342466,20152016,L,D,TOR|OTT,71,4,28,144,-7,90,1340.8028,30.0422,
Andrew,Miller,8477249,27.6136986301,20152016,R,R,EDM,6,0,0,3,-1,0,547.3333,14.5,
Evgeny,Kuznetsov,8475744,23.9452054795,20152016,L,C,WSH,82,20,57,193,27,32,1044.9146,20.7195,
Tomas,Nosek,8477931,23.6575342466,20152016,L,L,DET,6,0,0,2,-2,2,608.3333,15.3333,
Alex,Galchenyuk,8476851,22.2082191781,20152016,L,C,MTL,82,30,26,201,-8,20,975.5609,22.3292,
Calle,Jarnkrok,8475714,24.5945205479,20152016,R,C,NSH,81,16,14,125,1,14,968.1234,23.1851,
Evgeni,Malkin,8471215,29.7506849315,20152016,L,C,PIT,57,27,31,162,1,65,1162.1228,23.7017,
Jussi,Jokinen,8469638,33.0849315068,20152016,L,L,FLA,81,18,42,153,25,42,1097.4814,23.6666,
Viktor,Stalberg,8473537,30.2849315068,20152016,L,L,NYR,75,9,11,125,6,22,732.1866,18.8666,
Dominic,Moore,8468575,35.7452054795,20152016,L,C,NYR,80,6,9,94,-2,32,797.7,20.0375,
Patric,Hornqvist,8471887,29.3287671233,20152016,R,R,PIT,82,22,29,257,15,36,1010.9268,22.817,
Matt,Martin,8474709,26.9780821918,20152016,L,L,NYI,80,10,9,86,2,119,633.3875,15.55,
Nikita,Tryamkin,8477997,21.6630136986,20152016,L,D,VAN,13,1,1,11,-3,10,1051.1538,25.0769,
Jared,Spurgeon,8474716,26.4164383562,20152016,R,D,MIN,77,11,18,122,11,14,1360.7142,29.4545,
Jannik,Hansen,8471498,30.1287671233,20152016,R,R,VAN,67,22,16,117,16,32,986.0447,22.2985,
Josh,Anderson,8476981,21.9780821918,20152016,R,R,CBJ,12,1,3,11,0,2,641.9166,14.75,
Jamie,Oleksiak,8476467,23.3534246575,20152016,L,D,DAL,19,0,2,13,-5,21,762.9473,18.7894,
Matt,Niskanen,8471702,29.4,20152016,R,D,WSH,82,5,27,150,10,38,1479.6951,28.7073,
Petteri,Lindbohm,8476989,22.597260274,20152016,L,D,STL,10,0,0,9,-4,7,827.3,18.4,
Eric,Staal,8470595,31.504109589,20152016,L,C,CAR|NYR,83,13,26,199,-2,34,1113.3253,23.9277,
Pavel,Zacha,8478401,19.0602739726,20152016,L,C,NJD,1,0,2,3,4,0,1011.0,21.0,
Ryan,Kesler,8470616,31.6657534247,20152016,R,C,ANA,79,21,32,164,5,78,1171.8987,26.9746,
Derek,Forbort,8475762,24.1534246575,20152016,L,D,LAK,14,1,1,14,-1,17,662.7142,16.6428,
Jordan,Martinook,8476921,23.7616438356,20152016,L,L,ARI,81,9,15,109,-9,18,911.4444,21.0493,
Tyler,Graovac,8476344,23.0054794521,20152016,L,C,MIN,2,0,0,2,-1,0,696.5,15.0,
Kevin,Klein,8470630,31.3808219178,20152016,R,D,NYR,69,9,17,69,16,19,1223.0724,28.5362,
Drew,Shore,8475213,25.2493150685,20152016,R,C,CGY,2,0,1,3,0,2,839.5,18.5,
Adam,McQuaid,8471717,29.5506849315,20152016,R,D,BOS,64,1,8,42,6,89,1082.4062,25.4843,
Michael,Stone,8474628,25.895890411,20152016,R,D,ARI,75,6,30,161,-10,62,1347.9866,30.0,
Patrik,Nemeth,8475747,24.2219178082,20152016,L,D,DAL,38,0,8,36,-1,14,938.421,21.921,
Bryan,Lerg,8474516,30.2767123288,20152016,L,C,SJS,6,0,0,4,1,0,532.5,13.6666,
Nail,Yakupov,8476855,22.5616438356,20152016,L,R,EDM,60,8,15,127,-16,24,853.3,19.3,
Jared,McCann,8477955,19.9095890411,20152016,L,C,VAN,69,9,9,106,-6,32,751.3188,18.1159,
Trevor,Daley,8470110,32.5616438356,20152016,L,D,CHI|PIT,82,6,22,130,9,34,1106.4756,24.5121,
Joakim,Nordstrom,8475807,24.1753424658,20152016,L,L,CAR,71,10,14,81,1,12,937.5492,22.9577,
Andre,Benoit,8470378,32.3178082192,20152016,L,D,STL,2,0,0,0,1,0,815.0,19.5,
Eric,Tangradi,8474025,27.2164383562,20152016,L,L,DET,1,0,0,0,0,0,415.0,12.0,
Jarred,Tinordi,8475797,24.1890410959,20152016,L,D,MTL|ARI,10,0,0,3,-5,17,857.9,19.6,
Carl,Hagelin,8474176,27.6849315068,20152016,L,L,ANA|PIT,80,14,25,178,8,32,942.4125,22.5375,
Garrett,Wilson,8475253,25.1232876712,20152016,L,L,FLA,29,0,0,28,-3,24,562.3448,12.7931,
Boyd,Gordon,8470159,32.5342465753,20152016,R,C,ARI,65,2,2,53,-7,10,732.1076,18.7846,
Roman,Polak,8471392,30.0082191781,20152016,R,D,TOR|SJS,79,1,15,91,6,72,1149.405,24.5569,
Jay,Bouwmeester,8470151,32.5945205479,20152016,L,D,STL,72,3,16,105,-4,18,1386.8472,29.7361,
Devante,Smith-Pelly,8475758,23.8739726027,20152016,R,R,MTL|NJD,64,14,11,94,-3,30,737.5468,18.1562,
Dennis,Seidenberg,8469619,34.7890410959,20152016,L,D,BOS,61,1,11,66,-1,24,1163.8524,24.754,
Viktor,Loov,8477033,23.4493150685,20152016,L,D,TOR,4,0,2,1,4,0,627.5,16.75,
Artemi,Panarin,8478550,24.498630137,20152016,R,L,CHI,80,30,47,187,8,32,1111.225,22.75,
Erik,Haula,8475287,25.104109589,20152016,L,C,MIN,76,14,20,99,21,24,763.6315,18.6578,
Matt,Taormina,8475060,29.5287671233,20152016,L,D,TBL,3,0,0,2,0,0,835.6666,20.3333,
Cody,Eakin,8475236,24.9342465753,20152016,L,C,DAL,82,16,19,132,3,42,982.0853,23.4512,
Max,Talbot,8470171,32.2191780822,20152016,L,C,BOS,38,2,5,29,-11,15,672.8157,16.1578,
Johan,Larsson,8475728,23.7616438356,20152016,L,L,BUF,74,10,7,95,-4,27,889.1756,19.4324,
Tobias,Rieder,8476356,23.298630137,20152016,L,R,ARI,82,14,23,189,-21,10,1038.3292,23.6341,
Barclay,Goodrow,8476624,23.1698630137,20152016,L,R,SJS,14,0,3,7,1,16,616.2142,15.8571,
Chris,Porter,8470871,31.9232876712,20152016,L,L,MIN,61,4,3,45,-6,6,578.1803,14.1311,
Clayton,Stoner,8470886,31.1945205479,20152016,L,D,ANA,50,1,5,32,4,67,921.62,20.74,
Cole,Schneider,8476766,25.6767123288,20152016,L,L,BUF,2,0,0,5,0,0,757.5,15.0,
Luke,Schenn,8474568,26.4904109589,20152016,R,D,PHI|LAK,72,4,12,76,-2,82,1054.2777,25.6666,
Carl,Soderberg,8471262,30.5506849315,20152016,L,C,COL,82,12,39,163,-7,32,1080.9024,22.7682,
Nick,Shore,8476406,23.5890410959,20152016,R,C,LAK,68,3,7,90,-10,32,744.3676,18.2647,
Rene,Bourque,8471504,34.3917808219,20152016,L,R,CBJ,49,3,5,77,-9,38,626.5918,14.6326,
Borna,Rendulic,8477916,24.095890411,20152016,R,R,COL,3,0,0,1,-2,0,451.6666,10.6666,
Justin,Falk,8473992,27.5506849315,20152016,L,D,CBJ,24,0,4,16,2,17,853.5416,19.875,
Kevin,Bieksa,8469598,34.8767123288,20152016,R,D,ANA,71,4,11,109,-7,99,1260.6478,25.3521,
Evander,Kane,8475169,24.7424657534,20152016,L,L,BUF,65,20,15,271,-14,91,1262.2307,23.8769,
Kyle,Clifford,8475160,25.2931506849,20152016,L,L,LAK,56,3,6,68,-1,55,560.9821,13.5714,
Brandon,Davidson,8475869,24.6904109589,20152016,L,D,EDM,51,4,7,63,7,20,1151.7843,25.6666,
Dustin,Byfuglien,8470834,31.095890411,20152016,R,D,WPG,81,19,34,247,4,119,1512.1851,27.4567,
Brett,Bulmer,8475757,24.0082191781,20152016,R,R,MIN,3,0,0,2,-1,7,403.0,11.3333,
Logan,Couture,8474053,27.0904109589,20152016,L,C,SJS,52,15,21,137,2,20,1043.2307,23.0384,
Patrick,Sieloff,8476890,21.9561643836,20152016,L,D,CGY,1,1,0,1,1,2,1079.0,25.0,
Brayden,Schenn,8475170,24.6876712329,20152016,L,C,PHI,80,26,33,178,3,33,1013.6375,21.5,
Erik,Karlsson,8474578,25.9150684932,20152016,R,D,OTT,82,16,66,248,-2,50,1738.4756,27.0853,
David,Desharnais,8471976,29.6273972603,20152016,L,C,MTL,65,11,18,90,-6,20,960.1692,22.0615,
Frank,Vatrano,8478366,22.1260273973,20152016,L,C,BOS,39,8,3,99,-3,14,712.8205,16.923,
Taylor,Leier,8476955,22.2,20152016,L,L,PHI,6,0,0,3,0,0,463.3333,11.5,
Sam,Bennett,8477935,19.8547945205,20152016,L,C,CGY,77,18,18,136,-11,37,908.7662,21.3246,
Dylan,McIlrath,8475795,24.0246575342,20152016,R,D,NYR,34,2,2,28,7,64,847.4411,20.647,
Quinton,Howden,8475769,24.2712328767,20152016,L,C,FLA,58,6,5,54,-1,18,622.3275,13.4827,
Jared,Cowen,8475174,25.2602739726,20152016,L,D,OTT,37,0,4,23,7,16,1018.7567,21.7297,
Joe,Vitale,8471856,30.695890411,20152016,R,C,ARI,1,0,0,1,1,5,373.0,10.0,
Jeff,Carter,8470604,31.3287671233,20152016,R,C,LAK,77,24,38,242,18,20,1103.2987,23.1948,
Mark,Stone,8475913,23.9616438356,20152016,R,R,OTT,75,23,38,151,-4,38,1206.8133,23.8533,
Bryan,Bickell,8471254,30.1452054795,20152016,L,L,CHI,25,0,2,21,-5,2,587.28,13.96,
Andrew,Bodnarchuk,8473550,27.802739726,20152016,L,D,CBJ|COL,37,0,4,9,-7,14,740.3783,17.5675,
Marcus,Foligno,8475220,24.7205479452,20152016,L,L,BUF,75,10,13,81,4,79,791.0666,18.4666,
John,Tavares,8475166,25.6082191781,20152016,L,C,NYI,78,33,37,250,6,38,1199.6666,22.3589,
Kyle,Turris,8474068,26.7095890411,20152016,R,C,OTT,57,13,17,122,-15,32,1182.2807,22.9473,
Dustin,Jeffrey,8474138,28.1726027397,20152016,L,L,ARI,7,1,1,5,2,2,684.4285,16.1428,
Brandon,Bollig,8475650,29.2465753425,20152016,L,L,CGY,54,2,2,56,-10,103,557.3888,14.7592,
Josh,Gorges,8470324,31.7123287671,20152016,L,D,BUF,77,2,10,57,-7,72,1227.909,28.7402,
Nick,Bonino,8474009,28.0273972603,20152016,L,C,PIT,63,9,20,97,13,31,950.3333,22.6031,
Jaden,Schwartz,8475768,23.8438356164,20152016,L,L,STL,33,8,14,63,8,8,1032.2121,24.4545,
Nick,Spaling,8474096,27.6109589041,20152016,L,C,TOR|SJS,58,3,10,53,-2,24,856.6206,21.5517,
Scott,Hartnell,8468486,34.0383561644,20152016,L,L,CBJ,79,23,26,150,-11,112,935.0,20.5569,
Mike,Hoffman,8474884,26.4301369863,20152016,L,L,OTT,78,29,30,242,1,18,1052.5897,21.4615,
Mika,Zibanejad,8476459,23.0301369863,20152016,R,C,OTT,81,21,30,184,-2,18,1065.6172,23.6049,
Alexandre,Burrows,8470358,35.0575342466,20152016,L,R,VAN,79,9,13,135,-13,49,910.1898,21.443,
